Creating event network-vif-plugged:e3871ffd-5cd5-4287-bddd-3529f7b59515 for instance b9000564-fe1a-409b-b8cc-1e88b294cd1d,Creating event network-vif-plugged:<*>-<*>-<*>-<*> for instance <*>,Creating event network-vif-plugged:<*>-<*>-<*>-<*>-<*> for instance <*>
"Total usable vcpus: 16, total allocated vcpus: 1","Total usable vcpus: 16, total allocated vcpus: 1 <*>","Total usable vcpus: <*>, total allocated vcpus: <*>"
Compute_service record updated for cp-1.slowvm1.tcloud-pg0.utah.cloudlab.us:cp-1.slowvm1.tcloud-pg0.utah.cloudlab.us,Compute_service record updated for <*> for <*>,Compute_service record updated for <*>
"10.11.21.122,10.11.10.1 ""GET /openstack/2012-08-10/meta_data.json HTTP/1.1"" status: 200 len: 264 time: 0.2451560","<*>,<*> ""GET <*>/<*>/meta_data.json HTTP/1.1"" status: <*> len: <*> time: <*>","<*> ""GET <*>"" status: <*> len: <*> time: <*>"
"10.11.21.122,10.11.10.1 ""GET /openstack/2013-10-17 HTTP/1.1"" status: 200 len: 157 time: 0.0008290","<*>,<*> ""GET <*> HTTP/<*>"" status: <*> len: <*> time: <*>","<*> ""GET <*>"" status: <*> len: <*> time: <*>"
"10.11.21.122,10.11.10.1 ""GET /openstack/2013-10-17/vendor_data.json HTTP/1.1"" status: 200 len: 124 time: 0.2197890","<*>,<*> ""GET <*>-<*>-<*>/vendor_data.json HTTP/1.1"" status: <*> len: <*> time: <*>","<*> ""GET <*>"" status: <*> len: <*> time: <*>"
"10.11.21.122,10.11.10.1 ""GET /openstack/2013-10-17/vendor_data.json HTTP/1.1"" status: 200 len: 124 time: 0.2368760","<*>,<*> ""GET <*>-<*>-<*>/vendor_data.json HTTP/1.1"" status: <*> len: <*> time: <*>","<*> ""GET <*>"" status: <*> len: <*> time: <*>"
"10.11.21.122,10.11.10.1 ""GET /openstack/2013-10-17/meta_data.json HTTP/1.1"" status: 200 len: 967 time: 0.2349129","<*>,<*> ""GET <*>/<*>/meta_data.json HTTP/1.1"" status: <*> len: <*> time: <*>","<*> ""GET <*>"" status: <*> len: <*> time: <*>"
Creating event network-vif-plugged:a208479c-c0e3-4730-a5a0-d75e8afd0252 for instance 96abccce-8d1f-4e07-b6d1-4b2ab87e23b4,Creating event network-vif-plugged:a208479c-c0e3-4730-a5a0-d75e8afd0252 for instance <*>,Creating event network-vif-plugged:<*>-<*>-<*>-<*>-<*> for instance <*>
"10.11.21.123,10.11.10.1 ""GET /openstack/2012-08-10/meta_data.json HTTP/1.1"" status: 200 len: 264 time: 0.2205780","<*>,<*> ""GET <*>/<*>/meta_data.json HTTP/1.1"" status: <*> len: <*> time: <*>","<*> ""GET <*>"" status: <*> len: <*> time: <*>"
"10.11.21.123,10.11.10.1 ""GET /openstack/2013-10-17 HTTP/1.1"" status: 200 len: 157 time: 0.0019679","<*>,<*> ""GET <*> HTTP/<*>"" status: <*> len: <*> time: <*>","<*> ""GET <*>"" status: <*> len: <*> time: <*>"
"10.11.21.123,10.11.10.1 ""GET /openstack/2013-10-17/vendor_data.json HTTP/1.1"" status: 200 len: 124 time: 0.2335150","<*>,<*> ""GET <*>-<*>-<*>/vendor_data.json HTTP/1.1"" status: <*> len: <*> time: <*>","<*> ""GET <*>"" status: <*> len: <*> time: <*>"
"10.11.21.123,10.11.10.1 ""GET /openstack/2013-10-17/vendor_data.json HTTP/1.1"" status: 200 len: 124 time: 0.0008781","<*>,<*> ""GET <*>-<*>-<*>/vendor_data.json HTTP/1.1"" status: <*> len: <*> time: <*>","<*> ""GET <*>"" status: <*> len: <*> time: <*>"
"10.11.21.123,10.11.10.1 ""GET /openstack/2013-10-17/user_data HTTP/1.1"" status: 404 len: 176 time: 0.2285759","<*>,<*> ""GET <*>-<*>-<*>/user_data HTTP/1.1"" status: <*> len: <*> time: <*>","<*> ""GET <*>"" status: <*> len: <*> time: <*>"
"10.11.21.123,10.11.10.1 ""GET /openstack/2013-10-17/meta_data.json HTTP/1.1"" status: 200 len: 967 time: 0.2275620","<*>,<*> ""GET <*>/<*>/meta_data.json HTTP/1.1"" status: <*> len: <*> time: <*>","<*> ""GET <*>"" status: <*> len: <*> time: <*>"
"10.11.21.123,10.11.10.1 ""GET /openstack/2013-10-17/meta_data.json HTTP/1.1"" status: 200 len: 967 time: 0.0010512","<*>,<*> ""GET <*>/<*>/meta_data.json HTTP/1.1"" status: <*> len: <*> time: <*>","<*> ""GET <*>"" status: <*> len: <*> time: <*>"
"10.11.21.123,10.11.10.1 ""GET /latest/meta-data/ HTTP/1.1"" status: 200 len: 328 time: 0.0009170","<*>,<*> ""GET <*>/meta-data/ HTTP/1.1"" status: <*> len: <*> time: <*>","<*> ""GET <*>"" status: <*> len: <*> time: <*>"
"10.11.21.123,10.11.10.1 ""GET /latest/meta-data/block-device-mapping/ HTTP/1.1"" status: 200 len: 124 time: 0.0008931","<*>,<*> ""GET <*>/meta-data/block-device-mapping/ HTTP/1.1"" status: <*> len: <*> time: <*>","<*> ""GET <*>"" status: <*> len: <*> time: <*>"
"10.11.21.123,10.11.10.1 ""GET /latest/meta-data/block-device-mapping/ami HTTP/1.1"" status: 200 len: 119 time: 0.0009408","<*>,<*> ""GET <*>"" status: <*> len: <*> time: <*>","<*> ""GET <*>"" status: <*> len: <*> time: <*>"
"10.11.21.123,10.11.10.1 ""GET /latest/meta-data/block-device-mapping/root HTTP/1.1"" status: 200 len: 124 time: 0.0018420","<*>,<*> ""GET <*>"" status: <*> len: <*> time: <*>","<*> ""GET <*>"" status: <*> len: <*> time: <*>"
"10.11.21.123,10.11.10.1 ""GET /latest/meta-data/placement/ HTTP/1.1"" status: 200 len: 134 time: 0.3841610","<*>,<*> ""GET <*>"" status: <*> len: <*> time: <*>","<*> ""GET <*>"" status: <*> len: <*> time: <*>"
"Total usable vcpus: 16, total allocated vcpus: 1","Total usable vcpus: 16, total allocated vcpus: 1 <*>","Total usable vcpus: <*>, total allocated vcpus: <*>"
Compute_service record updated for cp-1.slowvm1.tcloud-pg0.utah.cloudlab.us:cp-1.slowvm1.tcloud-pg0.utah.cloudlab.us,Compute_service record updated for <*> for <*>,Compute_service record updated for <*>
Creating event network-vif-plugged:d1ce4c5a-2811-41c3-8a5a-39f9e6defcb8 for instance b562ef10-ba2d-48ae-bf4a-18666cba4a51,Creating event network-vif-plugged:d1ce4c5a-2811-41c3-8a5a-39f9e6defcb8 for instance b562ef10-ba2d-48ae-bf4a-18666cba4a51:<*>,Creating event network-vif-plugged:<*>-<*>-<*>-<*>-<*> for instance <*>
"10.11.21.124,10.11.10.1 ""GET /openstack/2012-08-10/meta_data.json HTTP/1.1"" status: 200 len: 264 time: 0.2212229","<*>,<*> ""GET <*>/<*>/meta_data.json HTTP/1.1"" status: <*> len: <*> time: <*>","<*> ""GET <*>"" status: <*> len: <*> time: <*>"
"10.11.21.124,10.11.10.1 ""GET /openstack/2013-10-17 HTTP/1.1"" status: 200 len: 157 time: 0.2249990","<*>,<*> ""GET <*>-<*>-<*> HTTP/<*>"" status: <*> len: <*> time: <*>","<*> ""GET <*>"" status: <*> len: <*> time: <*>"
"10.11.21.124,10.11.10.1 ""GET /openstack/2013-10-17/vendor_data.json HTTP/1.1"" status: 200 len: 124 time: 0.0006270","<*>,<*> ""GET <*>-<*>-<*>/vendor_data.json HTTP/1.1"" status: <*> len: <*> time: <*>","<*> ""GET <*>"" status: <*> len: <*> time: <*>"
"10.11.21.124,10.11.10.1 ""GET /openstack/2013-10-17/vendor_data.json HTTP/1.1"" status: 200 len: 124 time: 0.0007789","<*>,<*> ""GET <*>-<*>-<*>/vendor_data.json HTTP/1.1"" status: <*> len: <*> time: <*>","<*> ""GET <*>"" status: <*> len: <*> time: <*>"
"10.11.21.124,10.11.10.1 ""GET /openstack/2013-10-17/user_data HTTP/1.1"" status: 404 len: 176 time: 0.0010281","<*>,<*> ""GET <*>-<*>-<*>/user_data HTTP/1.1"" status: <*> len: <*> time: <*>","<*> ""GET <*>"" status: <*> len: <*> time: <*>"
"10.11.21.124,10.11.10.1 ""GET /openstack/2013-10-17/meta_data.json HTTP/1.1"" status: 200 len: 967 time: 0.2326000","<*>,<*> ""GET <*>/<*>/meta_data.json HTTP/1.1"" status: <*> len: <*> time: <*>","<*> ""GET <*>"" status: <*> len: <*> time: <*>"
"Total usable vcpus: 16, total allocated vcpus: 1","Total usable vcpus: 16, total allocated vcpus: 1 <*>","Total usable vcpus: <*>, total allocated vcpus: <*>"
Compute_service record updated for cp-1.slowvm1.tcloud-pg0.utah.cloudlab.us:cp-1.slowvm1.tcloud-pg0.utah.cloudlab.us,Compute_service record updated for <*> for <*>,Compute_service record updated for <*>
"10.11.21.125,10.11.10.1 ""GET /openstack/2012-08-10/meta_data.json HTTP/1.1"" status: 200 len: 264 time: 0.2202821","<*>,<*> ""GET <*>/<*>/meta_data.json HTTP/1.1"" status: <*> len: <*> time: <*>","<*> ""GET <*>"" status: <*> len: <*> time: <*>"
"10.11.21.125,10.11.10.1 ""GET /openstack/2013-10-17 HTTP/1.1"" status: 200 len: 157 time: 0.2119691","<*> ""GET <*> HTTP/1.1"" status: <*> len: <*> time: <*>","<*> ""GET <*>"" status: <*> len: <*> time: <*>"
"10.11.21.125,10.11.10.1 ""GET /openstack/2013-10-17/vendor_data.json HTTP/1.1"" status: 200 len: 124 time: 0.2296579","<*>,<*> ""GET <*>-<*>-<*>/vendor_data.json HTTP/1.1"" status: <*> len: <*> time: <*>","<*> ""GET <*>"" status: <*> len: <*> time: <*>"
"10.11.21.125,10.11.10.1 ""GET /openstack/2013-10-17/vendor_data.json HTTP/1.1"" status: 200 len: 124 time: 0.2418430","<*>,<*> ""GET <*>-<*>-<*>/vendor_data.json HTTP/1.1"" status: <*> len: <*> time: <*>","<*> ""GET <*>"" status: <*> len: <*> time: <*>"
"10.11.21.126,10.11.10.1 ""GET /openstack/2012-08-10/meta_data.json HTTP/1.1"" status: 200 len: 264 time: 0.2225840","<*>,<*> ""GET <*>/<*>/meta_data.json HTTP/1.1"" status: <*> len: <*> time: <*>","<*> ""GET <*>"" status: <*> len: <*> time: <*>"
"10.11.21.126,10.11.10.1 ""GET /openstack/2013-10-17 HTTP/1.1"" status: 200 len: 157 time: 0.0006402","<*> ""GET <*> HTTP/1.1"" status: <*> len: <*> time: <*>","<*> ""GET <*>"" status: <*> len: <*> time: <*>"
"10.11.21.126,10.11.10.1 ""GET /openstack/2013-10-17/vendor_data.json HTTP/1.1"" status: 200 len: 124 time: 0.2317870","<*>,<*> ""GET <*>-<*>-<*>/vendor_data.json HTTP/1.1"" status: <*> len: <*> time: <*>","<*> ""GET <*>"" status: <*> len: <*> time: <*>"
"10.11.21.126,10.11.10.1 ""GET /openstack/2013-10-17/vendor_data.json HTTP/1.1"" status: 200 len: 124 time: 0.0009999","<*>,<*> ""GET <*>-<*>-<*>/vendor_data.json HTTP/1.1"" status: <*> len: <*> time: <*>","<*> ""GET <*>"" status: <*> len: <*> time: <*>"
"10.11.21.126,10.11.10.1 ""GET /openstack/2013-10-17/user_data HTTP/1.1"" status: 404 len: 176 time: 0.0010130","<*> ""GET <*>-<*>-<*>/user_data HTTP/1.1"" status: <*> len: <*> time: <*>","<*> ""GET <*>"" status: <*> len: <*> time: <*>"
"10.11.21.126,10.11.10.1 ""GET /openstack/2013-10-17/meta_data.json HTTP/1.1"" status: 200 len: 967 time: 0.2158179","<*> ""GET <*>-<*>-<*>/meta_data.json HTTP/1.1"" status: <*> len: <*> time: <*>","<*> ""GET <*>"" status: <*> len: <*> time: <*>"
"10.11.21.126,10.11.10.1 ""GET /openstack/2013-10-17/meta_data.json HTTP/1.1"" status: 200 len: 967 time: 0.0012150","<*> ""GET <*>-<*>-<*>/meta_data.json HTTP/1.1"" status: <*> len: <*> time: <*>","<*> ""GET <*>"" status: <*> len: <*> time: <*>"
"10.11.21.126,10.11.10.1 ""GET /latest/meta-data/ HTTP/1.1"" status: 200 len: 328 time: 0.0008578","<*>,<*> ""GET <*>/meta-data/ HTTP/1.1"" status: <*> len: <*> time: <*>","<*> ""GET <*>"" status: <*> len: <*> time: <*>"
"10.11.21.126,10.11.10.1 ""GET /latest/meta-data/block-device-mapping/ HTTP/1.1"" status: 200 len: 124 time: 0.4023941","<*> ""GET <*>/meta-data/block-device-mapping/ HTTP/1.1"" status: <*> len: <*> time: <*>","<*> ""GET <*>"" status: <*> len: <*> time: <*>"
"10.11.21.126,10.11.10.1 ""GET /latest/meta-data/block-device-mapping/ami HTTP/1.1"" status: 200 len: 119 time: 0.0029080","<*> ""GET <*>/meta-data/block-device-mapping/ami HTTP/1.1"" status: <*> len: <*> time: <*>","<*> ""GET <*>"" status: <*> len: <*> time: <*>"
"10.11.21.126,10.11.10.1 ""GET /latest/meta-data/block-device-mapping/root HTTP/1.1"" status: 200 len: 124 time: 0.2206309","<*> ""GET <*>/meta-data/block-device-mapping/root HTTP/1.1"" status: <*> len: <*> time: <*>","<*> ""GET <*>"" status: <*> len: <*> time: <*>"
"10.11.21.126,10.11.10.1 ""GET /latest/meta-data/placement/ HTTP/1.1"" status: 200 len: 134 time: 0.2258282","<*>,<*> ""GET <*>"" status: <*> len: <*> time: <*>","<*> ""GET <*>"" status: <*> len: <*> time: <*>"
"Total usable vcpus: 16, total allocated vcpus: 0","Total usable vcpus: 16, total allocated vcpus: 0","Total usable vcpus: <*>, total allocated vcpus: <*>"
Compute_service record updated for cp-1.slowvm1.tcloud-pg0.utah.cloudlab.us:cp-1.slowvm1.tcloud-pg0.utah.cloudlab.us,Compute_service record updated for <*> for <*>,Compute_service record updated for <*>
"10.11.21.127,10.11.10.1 ""GET /openstack/2012-08-10/meta_data.json HTTP/1.1"" status: 200 len: 264 time: 0.2254272","<*>,<*> ""GET <*>/<*>/meta_data.json HTTP/1.1"" status: <*> len: <*> time: <*>","<*> ""GET <*>"" status: <*> len: <*> time: <*>"
"10.11.21.127,10.11.10.1 ""GET /openstack/2013-10-17 HTTP/1.1"" status: 200 len: 157 time: 0.2243600","<*> ""GET <*> HTTP/1.1"" status: <*> len: <*> time: <*>","<*> ""GET <*>"" status: <*> len: <*> time: <*>"
"10.11.21.127,10.11.10.1 ""GET /openstack/2013-10-17/vendor_data.json HTTP/1.1"" status: 200 len: 124 time: 0.2370040","<*>,<*> ""GET <*>-<*>-<*>/vendor_data.json HTTP/1.1"" status: <*> len: <*> time: <*>","<*> ""GET <*>"" status: <*> len: <*> time: <*>"
"10.11.21.127,10.11.10.1 ""GET /openstack/2013-10-17/vendor_data.json HTTP/1.1"" status: 200 len: 124 time: 0.2475102","<*>,<*> ""GET <*>-<*>-<*>/vendor_data.json HTTP/1.1"" status: <*> len: <*> time: <*>","<*> ""GET <*>"" status: <*> len: <*> time: <*>"
"Total usable vcpus: 16, total allocated vcpus: 1","Total usable vcpus: 16, total allocated vcpus: 1 <*>","Total usable vcpus: <*>, total allocated vcpus: <*>"
Compute_service record updated for cp-1.slowvm1.tcloud-pg0.utah.cloudlab.us:cp-1.slowvm1.tcloud-pg0.utah.cloudlab.us,Compute_service record updated for <*> for <*>,Compute_service record updated for <*>
"10.11.21.128,10.11.10.1 ""GET /openstack/2012-08-10/meta_data.json HTTP/1.1"" status: 200 len: 264 time: 0.2413990","<*>,<*> ""GET <*>/<*>/meta_data.json HTTP/1.1"" status: <*> len: <*> time: <*>","<*> ""GET <*>"" status: <*> len: <*> time: <*>"
"10.11.21.128,10.11.10.1 ""GET /openstack/2013-10-17 HTTP/1.1"" status: 200 len: 157 time: 0.2219090","<*>,<*> ""GET <*> HTTP/1.1"" status: <*> len: <*> time: <*>","<*> ""GET <*>"" status: <*> len: <*> time: <*>"
"10.11.21.128,10.11.10.1 ""GET /openstack/2013-10-17/vendor_data.json HTTP/1.1"" status: 200 len: 124 time: 0.2238111","<*>,<*> ""GET <*>-<*>-<*>/vendor_data.json HTTP/1.1"" status: <*> len: <*> time: <*>","<*> ""GET <*>"" status: <*> len: <*> time: <*>"
"10.11.21.128,10.11.10.1 ""GET /openstack/2013-10-17/vendor_data.json HTTP/1.1"" status: 200 len: 124 time: 0.2283430","<*>,<*> ""GET <*>-<*>-<*>/vendor_data.json HTTP/1.1"" status: <*> len: <*> time: <*>","<*> ""GET <*>"" status: <*> len: <*> time: <*>"
"10.11.21.128,10.11.10.1 ""GET /openstack/2013-10-17/meta_data.json HTTP/1.1"" status: 200 len: 967 time: 0.2267981","<*>,<*> ""GET <*>/<*>/meta_data.json HTTP/1.1"" status: <*> len: <*> time: <*>","<*> ""GET <*>"" status: <*> len: <*> time: <*>"
"10.11.21.129,10.11.10.1 ""GET /openstack/2012-08-10/meta_data.json HTTP/1.1"" status: 200 len: 264 time: 0.2234900","<*>,<*> ""GET <*>/<*>/meta_data.json HTTP/1.1"" status: <*> len: <*> time: <*>","<*> ""GET <*>"" status: <*> len: <*> time: <*>"
"10.11.21.129,10.11.10.1 ""GET /openstack/2013-10-17 HTTP/1.1"" status: 200 len: 157 time: 0.2278371","<*> ""GET <*> HTTP/1.1"" status: <*> len: <*> time: <*>","<*> ""GET <*>"" status: <*> len: <*> time: <*>"
"10.11.21.129,10.11.10.1 ""GET /openstack/2013-10-17/vendor_data.json HTTP/1.1"" status: 200 len: 124 time: 0.0009260","<*>,<*> ""GET <*>-<*>-<*>/vendor_data.json HTTP/1.1"" status: <*> len: <*> time: <*>","<*> ""GET <*>"" status: <*> len: <*> time: <*>"
"10.11.21.129,10.11.10.1 ""GET /openstack/2013-10-17/vendor_data.json HTTP/1.1"" status: 200 len: 124 time: 0.2354860","<*>,<*> ""GET <*>-<*>-<*>/vendor_data.json HTTP/1.1"" status: <*> len: <*> time: <*>","<*> ""GET <*>"" status: <*> len: <*> time: <*>"
"10.11.21.129,10.11.10.1 ""GET /openstack/2013-10-17/meta_data.json HTTP/1.1"" status: 200 len: 967 time: 0.2376790","<*> ""GET <*>-<*>-<*>/meta_data.json HTTP/1.1"" status: <*> len: <*> time: <*>","<*> ""GET <*>"" status: <*> len: <*> time: <*>"
"10.11.21.129,10.11.10.1 ""GET /openstack/2013-10-17/meta_data.json HTTP/1.1"" status: 200 len: 967 time: 0.0012221","<*>,<*> ""GET <*>/<*>/meta_data.json HTTP/1.1"" status: <*> len: <*> time: <*>","<*> ""GET <*>"" status: <*> len: <*> time: <*>"
"10.11.21.129,10.11.10.1 ""GET /latest/meta-data/ HTTP/1.1"" status: 200 len: 328 time: 0.3263230","<*>,<*> ""GET <*>/meta-data/ HTTP/1.1"" status: <*> len: <*> time: <*>","<*> ""GET <*>"" status: <*> len: <*> time: <*>"
"10.11.21.129,10.11.10.1 ""GET /latest/meta-data/block-device-mapping/ HTTP/1.1"" status: 200 len: 124 time: 0.0010171","<*>,<*> ""GET <*>/meta-data/block-device-mapping/ HTTP/1.1"" status: <*> len: <*> time: <*>","<*> ""GET <*>"" status: <*> len: <*> time: <*>"
"10.11.21.129,10.11.10.1 ""GET /latest/meta-data/block-device-mapping/ami HTTP/1.1"" status: 200 len: 119 time: 0.0008659","<*>,<*> ""GET <*>"" status: <*> len: <*> time: <*>","<*> ""GET <*>"" status: <*> len: <*> time: <*>"
"10.11.21.129,10.11.10.1 ""GET /latest/meta-data/block-device-mapping/root HTTP/1.1"" status: 200 len: 124 time: 0.2325919","<*>,<*> ""GET <*>"" status: <*> len: <*> time: <*>","<*> ""GET <*>"" status: <*> len: <*> time: <*>"
"Total usable vcpus: 16, total allocated vcpus: 0","Total usable vcpus: 16, total allocated vcpus: 0","Total usable vcpus: <*>, total allocated vcpus: <*>"
Compute_service record updated for cp-1.slowvm1.tcloud-pg0.utah.cloudlab.us:cp-1.slowvm1.tcloud-pg0.utah.cloudlab.us,Compute_service record updated for <*> for <*>,Compute_service record updated for <*>
"10.11.21.130,10.11.10.1 ""GET /openstack/2012-08-10/meta_data.json HTTP/1.1"" status: 200 len: 264 time: 0.2336938","<*>,<*> ""GET <*>/<*>/meta_data.json HTTP/1.1"" status: <*> len: <*> time: <*>","<*> ""GET <*>"" status: <*> len: <*> time: <*>"
"10.11.21.130,10.11.10.1 ""GET /openstack/2013-10-17 HTTP/1.1"" status: 200 len: 157 time: 0.0007410","<*>,<*> ""GET <*> HTTP/1.1"" status: <*> len: <*> time: <*>","<*> ""GET <*>"" status: <*> len: <*> time: <*>"
"10.11.21.130,10.11.10.1 ""GET /openstack/2013-10-17/vendor_data.json HTTP/1.1"" status: 200 len: 124 time: 0.2199168","<*>,<*> ""GET <*>-<*>-<*>/vendor_data.json HTTP/1.1"" status: <*> len: <*> time: <*>","<*> ""GET <*>"" status: <*> len: <*> time: <*>"
"10.11.21.130,10.11.10.1 ""GET /openstack/2013-10-17/vendor_data.json HTTP/1.1"" status: 200 len: 124 time: 0.0006940","<*>,<*> ""GET <*>-<*>-<*>/vendor_data.json HTTP/1.1"" status: <*> len: <*> time: <*>","<*> ""GET <*>"" status: <*> len: <*> time: <*>"
"10.11.21.130,10.11.10.1 ""GET /openstack/2013-10-17/meta_data.json HTTP/1.1"" status: 200 len: 967 time: 0.2446721","<*>,<*> ""GET <*>/<*>/meta_data.json HTTP/1.1"" status: <*> len: <*> time: <*>","<*> ""GET <*>"" status: <*> len: <*> time: <*>"
"10.11.21.130,10.11.10.1 ""GET /openstack/2013-10-17/meta_data.json HTTP/1.1"" status: 200 len: 967 time: 0.2323599","<*>,<*> ""GET <*>/<*>/meta_data.json HTTP/1.1"" status: <*> len: <*> time: <*>","<*> ""GET <*>"" status: <*> len: <*> time: <*>"
"[instance: fecdd5a9-3ca0-4c82-9336-63b7774f738e] Attempting claim: memory 2048 MB, disk 20 GB, vcpus 1 CPU","[instance: fecdd5a9-3ca0-4c82-9336-63b7774f738e] Attempting claim: memory <*> MB, disk <*> GB, vcpus <*> CPU","[instance: <*>] Attempting claim: memory <*> MB, disk <*> GB, vcpus <*> CPU"
"[instance: fecdd5a9-3ca0-4c82-9336-63b7774f738e] Total memory: 64172 MB, used: 512.00 MB","[instance: fecdd5a9-3ca0-4c82-9336-63b7774f738e] Total memory: <*> MB, used: <*> MB","[instance: <*>] Total memory: <*> MB, used: <*> MB"
"[instance: fecdd5a9-3ca0-4c82-9336-63b7774f738e] memory limit: 96258.00 MB, free: 95746.00 MB","[instance: fecdd5a9-3ca0-4c82-9336-63b7774f738e] memory limit: <*> MB, free: <*> MB","[instance: <*>] memory limit: <*> MB, free: <*> MB"
"[instance: fecdd5a9-3ca0-4c82-9336-63b7774f738e] disk limit not specified, defaulting to unlimited","[instance: fecdd5a9-3ca0-4c82-9336-63b7774f738e] disk limit not specified, defaulting to unlimited: <*>","[instance: <*>] disk limit not specified, defaulting to unlimited"
"[instance: fecdd5a9-3ca0-4c82-9336-63b7774f738e] Total vcpu: 16 VCPU, used: 0.00 VCPU","[instance: fecdd5a9-3ca0-4c82-9336-63b7774f738e] Total vcpu: 16 VCPU, used: <*> VCPU","[instance: <*>] Total vcpu: <*> VCPU, used: <*> VCPU"
"[instance: fecdd5a9-3ca0-4c82-9336-63b7774f738e] vcpu limit not specified, defaulting to unlimited","[instance: fecdd5a9-3ca0-4c82-9336-63b7774f738e] vcpu limit not specified, defaulting to unlimited: <*>","[instance: <*>] vcpu limit not specified, defaulting to unlimited"
[instance: fecdd5a9-3ca0-4c82-9336-63b7774f738e] Claim successful,[instance: fecdd5a9-3ca0-4c82-9336-63b7774f738e] Claim successful,[instance: <*>] Claim successful
[instance: fecdd5a9-3ca0-4c82-9336-63b7774f738e] VM Started (Lifecycle Event),[instance: fecdd5a9-3ca0-4c82-9336-63b7774f738e] VM Started (Lifecycle Event),[instance: <*>] VM Started (Lifecycle Event)
[instance: fecdd5a9-3ca0-4c82-9336-63b7774f738e] VM Paused (Lifecycle Event),[instance: fecdd5a9-3ca0-4c82-9336-63b7774f738e] VM Paused (Lifecycle Event),[instance: <*>] VM Paused (Lifecycle Event)
[instance: fecdd5a9-3ca0-4c82-9336-63b7774f738e] During sync_power_state the instance has a pending task (spawning). Skip.,[instance: fecdd5a9-3ca0-4c82-9336-63b7774f738e] During sync_power_state the instance has a pending task (spawning). Skip.,[instance: <*>] During sync_power_state the instance has a pending task (spawning). Skip.
"Total usable vcpus: 16, total allocated vcpus: 1","Total usable vcpus: 16, total allocated vcpus: 1 <*>","Total usable vcpus: <*>, total allocated vcpus: <*>"
Compute_service record updated for cp-1.slowvm1.tcloud-pg0.utah.cloudlab.us:cp-1.slowvm1.tcloud-pg0.utah.cloudlab.us,Compute_service record updated for <*> for <*>,Compute_service record updated for <*>
[instance: fecdd5a9-3ca0-4c82-9336-63b7774f738e] VM Resumed (Lifecycle Event),[instance: fecdd5a9-3ca0-4c82-9336-63b7774f738e] VM Resumed (Lifecycle Event),[instance: <*>] VM Resumed (Lifecycle Event)
[instance: fecdd5a9-3ca0-4c82-9336-63b7774f738e] Instance spawned successfully.,[instance: fecdd5a9-3ca0-4c82-9336-63b7774f738e] Instance spawned successfully.,[instance: <*>] Instance spawned successfully.
[instance: fecdd5a9-3ca0-4c82-9336-63b7774f738e] During sync_power_state the instance has a pending task (spawning). Skip.,[instance: fecdd5a9-3ca0-4c82-9336-63b7774f738e] During sync_power_state the instance has a pending task (spawning). Skip.,[instance: <*>] During sync_power_state the instance has a pending task (spawning). Skip.
[instance: fecdd5a9-3ca0-4c82-9336-63b7774f738e] VM Resumed (Lifecycle Event),[instance: fecdd5a9-3ca0-4c82-9336-63b7774f738e] VM Resumed (Lifecycle Event),[instance: <*>] VM Resumed (Lifecycle Event)
[instance: fecdd5a9-3ca0-4c82-9336-63b7774f738e] Took 21.11 seconds to build instance.,[instance: fecdd5a9-3ca0-4c82-9336-63b7774f738e] Took <*> seconds to build instance.,[instance: <*>] Took <*> seconds to build instance.
"10.11.21.131,10.11.10.1 ""GET /openstack/2012-08-10/meta_data.json HTTP/1.1"" status: 200 len: 264 time: 0.2973430","<*>,<*> ""GET <*>/<*>/meta_data.json HTTP/1.1"" status: <*> len: <*> time: <*>","<*> ""GET <*>"" status: <*> len: <*> time: <*>"
"10.11.21.131,10.11.10.1 ""GET /openstack/2013-10-17 HTTP/1.1"" status: 200 len: 157 time: 0.2318211","<*>,<*> ""GET <*>-<*>-<*> HTTP/<*>"" status: <*> len: <*> time: <*>","<*> ""GET <*>"" status: <*> len: <*> time: <*>"
"10.11.21.131,10.11.10.1 ""GET /openstack/2013-10-17/vendor_data.json HTTP/1.1"" status: 200 len: 124 time: 0.2301619","<*>,<*> ""GET <*>-<*>-<*>/vendor_data.json HTTP/1.1"" status: <*> len: <*> time: <*>","<*> ""GET <*>"" status: <*> len: <*> time: <*>"
"10.11.21.131,10.11.10.1 ""GET /openstack/2013-10-17/vendor_data.json HTTP/1.1"" status: 200 len: 124 time: 0.2361510","<*>,<*> ""GET <*>-<*>-<*>/vendor_data.json HTTP/1.1"" status: <*> len: <*> time: <*>","<*> ""GET <*>"" status: <*> len: <*> time: <*>"
"10.11.21.131,10.11.10.1 ""GET /openstack/2013-10-17/user_data HTTP/1.1"" status: 404 len: 176 time: 0.0015490","<*> ""GET <*>-<*>-<*>/user_data HTTP/1.1"" status: <*> len: <*> time: <*>","<*> ""GET <*>"" status: <*> len: <*> time: <*>"
"10.11.21.131,10.11.10.1 ""GET /openstack/2013-10-17/meta_data.json HTTP/1.1"" status: 200 len: 967 time: 0.0012500","<*> ""GET <*>-<*>-<*>/meta_data.json HTTP/1.1"" status: <*> len: <*> time: <*>","<*> ""GET <*>"" status: <*> len: <*> time: <*>"
"10.11.21.131,10.11.10.1 ""GET /openstack/2013-10-17/meta_data.json HTTP/1.1"" status: 200 len: 967 time: 0.2374320","<*> ""GET <*>-<*>-<*>/meta_data.json HTTP/1.1"" status: <*> len: <*> time: <*>","<*> ""GET <*>"" status: <*> len: <*> time: <*>"
[instance: fecdd5a9-3ca0-4c82-9336-63b7774f738e] Instance destroyed successfully.,[instance: fecdd5a9-3ca0-4c82-9336-63b7774f738e] Instance destroyed successfully.,[instance: <*>] Instance destroyed successfully.
[instance: fecdd5a9-3ca0-4c82-9336-63b7774f738e] Deleting instance files /var/lib/nova/instances/fecdd5a9-3ca0-4c82-9336-63b7774f738e_del,[instance: fecdd5a9-3ca0-4c82-9336-63b7774f738e] Deleting instance files <*>,[instance: <*>] Deleting instance files <*>
[instance: fecdd5a9-3ca0-4c82-9336-63b7774f738e] Deletion of /var/lib/nova/instances/fecdd5a9-3ca0-4c82-9336-63b7774f738e_del complete,[instance: fecdd5a9-3ca0-4c82-9336-63b7774f738e] Deletion of <*> complete,[instance: <*>] Deletion of <*> complete
[instance: fecdd5a9-3ca0-4c82-9336-63b7774f738e] VM Stopped (Lifecycle Event),[instance: fecdd5a9-3ca0-4c82-9336-63b7774f738e] VM Stopped (Lifecycle Event),[instance: <*>] VM Stopped (Lifecycle Event)
"10.11.21.132,10.11.10.1 ""GET /openstack/2012-08-10/meta_data.json HTTP/1.1"" status: 200 len: 264 time: 0.2316251","<*>,<*> ""GET <*>/<*>/meta_data.json HTTP/1.1"" status: <*> len: <*> time: <*>","<*> ""GET <*>"" status: <*> len: <*> time: <*>"
"10.11.21.132,10.11.10.1 ""GET /openstack/2013-10-17 HTTP/1.1"" status: 200 len: 157 time: 0.0006261","<*>,<*> ""GET <*>-<*>-<*> HTTP/<*>"" status: <*> len: <*> time: <*>","<*> ""GET <*>"" status: <*> len: <*> time: <*>"
"10.11.21.132,10.11.10.1 ""GET /openstack/2013-10-17/vendor_data.json HTTP/1.1"" status: 200 len: 124 time: 0.2239330","<*>,<*> ""GET <*>-<*>-<*>/vendor_data.json HTTP/1.1"" status: <*> len: <*> time: <*>","<*> ""GET <*>"" status: <*> len: <*> time: <*>"
"10.11.21.132,10.11.10.1 ""GET /openstack/2013-10-17/vendor_data.json HTTP/1.1"" status: 200 len: 124 time: 0.0007501","<*>,<*> ""GET <*>-<*>-<*>/vendor_data.json HTTP/1.1"" status: <*> len: <*> time: <*>","<*> ""GET <*>"" status: <*> len: <*> time: <*>"
"10.11.21.132,10.11.10.1 ""GET /openstack/2013-10-17/user_data HTTP/1.1"" status: 404 len: 176 time: 0.0011230","<*> ""GET <*>-<*>-<*>/user_data HTTP/1.1"" status: <*> len: <*> time: <*>","<*> ""GET <*>"" status: <*> len: <*> time: <*>"
"10.11.21.132,10.11.10.1 ""GET /openstack/2013-10-17/meta_data.json HTTP/1.1"" status: 200 len: 967 time: 0.0009539","<*> ""GET <*>-<*>-<*>/meta_data.json HTTP/1.1"" status: <*> len: <*> time: <*>","<*> ""GET <*>"" status: <*> len: <*> time: <*>"
"10.11.21.132,10.11.10.1 ""GET /openstack/2013-10-17/meta_data.json HTTP/1.1"" status: 200 len: 967 time: 0.2430041","<*>,<*> ""GET <*>/<*>/meta_data.json HTTP/1.1"" status: <*> len: <*> time: <*>","<*> ""GET <*>"" status: <*> len: <*> time: <*>"
"10.11.21.132,10.11.10.1 ""GET /latest/meta-data/ HTTP/1.1"" status: 200 len: 328 time: 0.0013649","<*>,<*> ""GET <*>/meta-data/ HTTP/1.1"" status: <*> len: <*> time: <*>","<*> ""GET <*>"" status: <*> len: <*> time: <*>"
"10.11.21.132,10.11.10.1 ""GET /latest/meta-data/block-device-mapping/ HTTP/1.1"" status: 200 len: 124 time: 0.2251949","<*>,<*> ""GET <*>/meta-data/block-device-mapping/ HTTP/1.1"" status: <*> len: <*> time: <*>","<*> ""GET <*>"" status: <*> len: <*> time: <*>"
"10.11.21.132,10.11.10.1 ""GET /latest/meta-data/block-device-mapping/ami HTTP/1.1"" status: 200 len: 119 time: 0.0010529","<*>,<*> ""GET <*>"" status: <*> len: <*> time: <*>","<*> ""GET <*>"" status: <*> len: <*> time: <*>"
"10.11.21.132,10.11.10.1 ""GET /latest/meta-data/block-device-mapping/root HTTP/1.1"" status: 200 len: 124 time: 0.0007141","<*>,<*> ""GET <*>"" status: <*> len: <*> time: <*>","<*> ""GET <*>"" status: <*> len: <*> time: <*>"
"10.11.21.132,10.11.10.1 ""GET /latest/meta-data/placement/ HTTP/1.1"" status: 200 len: 134 time: 0.0007560","<*>,<*> ""GET <*>"" status: <*> len: <*> time: <*>","<*> ""GET <*>"" status: <*> len: <*> time: <*>"
"10.11.21.132,10.11.10.1 ""GET /latest/meta-data/placement/availability-zone HTTP/1.1"" status: 200 len: 120 time: 0.0009980","<*>,<*> ""GET <*>"" status: <*> len: <*> time: <*>","<*> ""GET <*>"" status: <*> len: <*> time: <*>"
"10.11.21.132,10.11.10.1 ""GET /latest/meta-data/local-ipv4 HTTP/1.1"" status: 200 len: 129 time: 0.0006690","<*>,<*> ""GET <*>/meta-data/local-ipv4 HTTP/1.1"" status: <*> len: <*> time: <*>","<*> ""GET <*>"" status: <*> len: <*> time: <*>"
"10.11.21.132,10.11.10.1 ""GET /latest/meta-data/reservation-id HTTP/1.1"" status: 200 len: 127 time: 0.0007050","<*>,<*> ""GET <*>"" status: <*> len: <*> time: <*>","<*> ""GET <*>"" status: <*> len: <*> time: <*>"
"10.11.21.132,10.11.10.1 ""GET /latest/meta-data/local-hostname HTTP/1.1"" status: 200 len: 130 time: 0.0007689","<*>,<*> ""GET <*>"" status: <*> len: <*> time: <*>","<*> ""GET <*>"" status: <*> len: <*> time: <*>"
"10.11.21.132,10.11.10.1 ""GET /latest/meta-data/security-groups HTTP/1.1"" status: 200 len: 123 time: 0.0007679","<*>,<*> ""GET <*>"" status: <*> len: <*> time: <*>","<*> ""GET <*>"" status: <*> len: <*> time: <*>"
"10.11.21.132,10.11.10.1 ""GET /latest/meta-data/ami-launch-index HTTP/1.1"" status: 200 len: 117 time: 0.0007291","<*>,<*> ""GET <*>"" status: <*> len: <*> time: <*>","<*> ""GET <*>"" status: <*> len: <*> time: <*>"
"10.11.21.132,10.11.10.1 ""GET /latest/meta-data/public-hostname HTTP/1.1"" status: 200 len: 130 time: 0.2245400","<*>,<*> ""GET <*>"" status: <*> len: <*> time: <*>","<*> ""GET <*>"" status: <*> len: <*> time: <*>"
"10.11.21.132,10.11.10.1 ""GET /latest/meta-data/hostname HTTP/1.1"" status: 200 len: 130 time: 0.0011861","<*>,<*> ""GET <*>"" status: <*> len: <*> time: <*>","<*> ""GET <*>"" status: <*> len: <*> time: <*>"
"10.11.21.132,10.11.10.1 ""GET /latest/meta-data/ami-id HTTP/1.1"" status: 200 len: 129 time: 0.2386379","<*>,<*> ""GET <*>"" status: <*> len: <*> time: <*>","<*> ""GET <*>"" status: <*> len: <*> time: <*>"
"Total usable vcpus: 16, total allocated vcpus: 0","Total usable vcpus: 16, total allocated vcpus: 0","Total usable vcpus: <*>, total allocated vcpus: <*>"
Compute_service record updated for cp-1.slowvm1.tcloud-pg0.utah.cloudlab.us:cp-1.slowvm1.tcloud-pg0.utah.cloudlab.us,Compute_service record updated for <*> for <*>,Compute_service record updated for <*>
Creating event network-vif-plugged:f53e6f35-05f7-4896-9abf-6df58d3e69b8 for instance d54b44eb-2d1a-4aa2-ba6b-074d35f8f12c,Creating event network-vif-plugged:<*>-<*>-<*>-<*> for instance <*>,Creating event network-vif-plugged:<*>-<*>-<*>-<*>-<*> for instance <*>
"10.11.21.133,10.11.10.1 ""GET /openstack/2012-08-10/meta_data.json HTTP/1.1"" status: 200 len: 264 time: 0.2296522","<*>,<*> ""GET <*>/<*>/meta_data.json HTTP/1.1"" status: <*> len: <*> time: <*>","<*> ""GET <*>"" status: <*> len: <*> time: <*>"
"10.11.21.133,10.11.10.1 ""GET /openstack/2013-10-17 HTTP/1.1"" status: 200 len: 157 time: 0.2319870","<*>,<*> ""GET <*>-<*>-<*> HTTP/<*>"" status: <*> len: <*> time: <*>","<*> ""GET <*>"" status: <*> len: <*> time: <*>"
"10.11.21.133,10.11.10.1 ""GET /openstack/2013-10-17/vendor_data.json HTTP/1.1"" status: 200 len: 124 time: 0.2253911","<*>,<*> ""GET <*>-<*>-<*>/vendor_data.json HTTP/1.1"" status: <*> len: <*> time: <*>","<*> ""GET <*>"" status: <*> len: <*> time: <*>"
"10.11.21.133,10.11.10.1 ""GET /openstack/2013-10-17/vendor_data.json HTTP/1.1"" status: 200 len: 124 time: 0.0008950","<*>,<*> ""GET <*>-<*>-<*>/vendor_data.json HTTP/1.1"" status: <*> len: <*> time: <*>","<*> ""GET <*>"" status: <*> len: <*> time: <*>"
"10.11.21.133,10.11.10.1 ""GET /openstack/2013-10-17/meta_data.json HTTP/1.1"" status: 200 len: 967 time: 0.0011051","<*>,<*> ""GET <*>/<*>/meta_data.json HTTP/1.1"" status: <*> len: <*> time: <*>","<*> ""GET <*>"" status: <*> len: <*> time: <*>"
"10.11.21.133,10.11.10.1 ""GET /openstack/2013-10-17/meta_data.json HTTP/1.1"" status: 200 len: 967 time: 0.4052589","<*> ""GET <*>-<*>-<*>/meta_data.json HTTP/1.1"" status: <*> len: <*> time: <*>","<*> ""GET <*>"" status: <*> len: <*> time: <*>"
"10.11.21.133,10.11.10.1 ""GET /latest/meta-data/ HTTP/1.1"" status: 200 len: 328 time: 0.2367840","<*>,<*> ""GET <*>/meta-data/ HTTP/1.1"" status: <*> len: <*> time: <*>","<*> ""GET <*>"" status: <*> len: <*> time: <*>"
"10.11.21.133,10.11.10.1 ""GET /latest/meta-data/block-device-mapping/ HTTP/1.1"" status: 200 len: 124 time: 0.2289269","<*>,<*> ""GET <*>/meta-data/block-device-mapping/ HTTP/1.1"" status: <*> len: <*> time: <*>","<*> ""GET <*>"" status: <*> len: <*> time: <*>"
"10.11.21.133,10.11.10.1 ""GET /latest/meta-data/block-device-mapping/ami HTTP/1.1"" status: 200 len: 119 time: 0.4668469","<*>,<*> ""GET <*>"" status: <*> len: <*> time: <*>","<*> ""GET <*>"" status: <*> len: <*> time: <*>"
"Total usable vcpus: 16, total allocated vcpus: 1","Total usable vcpus: 16, total allocated vcpus: 1 <*>","Total usable vcpus: <*>, total allocated vcpus: <*>"
Compute_service record updated for cp-1.slowvm1.tcloud-pg0.utah.cloudlab.us:cp-1.slowvm1.tcloud-pg0.utah.cloudlab.us,Compute_service record updated for <*> for <*>,Compute_service record updated for <*>
"10.11.21.134,10.11.10.1 ""GET /openstack/2012-08-10/meta_data.json HTTP/1.1"" status: 200 len: 264 time: 0.2398081","<*>,<*> ""GET <*>/<*>/meta_data.json HTTP/1.1"" status: <*> len: <*> time: <*>","<*> ""GET <*>"" status: <*> len: <*> time: <*>"
"10.11.21.134,10.11.10.1 ""GET /openstack/2013-10-17 HTTP/1.1"" status: 200 len: 157 time: 0.2231328","<*>,<*> ""GET <*>-<*>-<*> HTTP/<*>"" status: <*> len: <*> time: <*>","<*> ""GET <*>"" status: <*> len: <*> time: <*>"
"10.11.21.134,10.11.10.1 ""GET /openstack/2013-10-17/vendor_data.json HTTP/1.1"" status: 200 len: 124 time: 0.0007591","<*>,<*> ""GET <*>-<*>-<*>/vendor_data.json HTTP/1.1"" status: <*> len: <*> time: <*>","<*> ""GET <*>"" status: <*> len: <*> time: <*>"
"10.11.21.134,10.11.10.1 ""GET /openstack/2013-10-17/vendor_data.json HTTP/1.1"" status: 200 len: 124 time: 0.2222700","<*>,<*> ""GET <*>-<*>-<*>/vendor_data.json HTTP/1.1"" status: <*> len: <*> time: <*>","<*> ""GET <*>"" status: <*> len: <*> time: <*>"
"10.11.21.134,10.11.10.1 ""GET /openstack/2013-10-17/user_data HTTP/1.1"" status: 404 len: 176 time: 0.2255361","<*> ""GET <*>-<*>-<*>/user_data HTTP/1.1"" status: <*> len: <*> time: <*>","<*> ""GET <*>"" status: <*> len: <*> time: <*>"
"10.11.21.135,10.11.10.1 ""GET /openstack/2012-08-10/meta_data.json HTTP/1.1"" status: 200 len: 264 time: 0.3158371","<*>,<*> ""GET <*>/<*>/meta_data.json HTTP/1.1"" status: <*> len: <*> time: <*>","<*> ""GET <*>"" status: <*> len: <*> time: <*>"
"10.11.21.135,10.11.10.1 ""GET /openstack/2013-10-17 HTTP/1.1"" status: 200 len: 157 time: 0.2177148","<*>,<*> ""GET <*>-<*>-<*> HTTP/<*>"" status: <*> len: <*> time: <*>","<*> ""GET <*>"" status: <*> len: <*> time: <*>"
"10.11.21.135,10.11.10.1 ""GET /openstack/2013-10-17/vendor_data.json HTTP/1.1"" status: 200 len: 124 time: 0.2238431","<*>,<*> ""GET <*>-<*>-<*>/vendor_data.json HTTP/1.1"" status: <*> len: <*> time: <*>","<*> ""GET <*>"" status: <*> len: <*> time: <*>"
"10.11.21.135,10.11.10.1 ""GET /openstack/2013-10-17/vendor_data.json HTTP/1.1"" status: 200 len: 124 time: 0.0010960","<*> ""GET <*>-<*>-<*>/vendor_data.json HTTP/1.1"" status: <*> len: <*> time: <*>","<*> ""GET <*>"" status: <*> len: <*> time: <*>"
"10.11.21.135,10.11.10.1 ""GET /openstack/2013-10-17/meta_data.json HTTP/1.1"" status: 200 len: 967 time: 0.0009611","<*> ""GET <*>-<*>-<*>/meta_data.json HTTP/1.1"" status: <*> len: <*> time: <*>","<*> ""GET <*>"" status: <*> len: <*> time: <*>"
"10.11.21.135,10.11.10.1 ""GET /openstack/2013-10-17/meta_data.json HTTP/1.1"" status: 200 len: 967 time: 0.2257981","<*> ""GET <*>-<*>-<*>/meta_data.json HTTP/1.1"" status: <*> len: <*> time: <*>","<*> ""GET <*>"" status: <*> len: <*> time: <*>"
"10.11.21.135,10.11.10.1 ""GET /latest/meta-data/ HTTP/1.1"" status: 200 len: 328 time: 0.0007021","<*>,<*> ""GET <*>/meta-data/ HTTP/1.1"" status: <*> len: <*> time: <*>","<*> ""GET <*>"" status: <*> len: <*> time: <*>"
"10.11.21.135,10.11.10.1 ""GET /latest/meta-data/block-device-mapping/ HTTP/1.1"" status: 200 len: 124 time: 0.2319629","<*>,<*> ""GET <*>/meta-data/block-device-mapping/ HTTP/1.1"" status: <*> len: <*> time: <*>","<*> ""GET <*>"" status: <*> len: <*> time: <*>"
"10.11.21.135,10.11.10.1 ""GET /latest/meta-data/block-device-mapping/ami HTTP/1.1"" status: 200 len: 119 time: 0.0006430","<*>,<*> ""GET <*>"" status: <*> len: <*> time: <*>","<*> ""GET <*>"" status: <*> len: <*> time: <*>"
"10.11.21.135,10.11.10.1 ""GET /latest/meta-data/block-device-mapping/root HTTP/1.1"" status: 200 len: 124 time: 0.0009499","<*>,<*> ""GET <*>"" status: <*> len: <*> time: <*>","<*> ""GET <*>"" status: <*> len: <*> time: <*>"
"10.11.21.135,10.11.10.1 ""GET /latest/meta-data/placement/ HTTP/1.1"" status: 200 len: 134 time: 0.0008729","<*>,<*> ""GET <*>"" status: <*> len: <*> time: <*>","<*> ""GET <*>"" status: <*> len: <*> time: <*>"
"10.11.21.135,10.11.10.1 ""GET /latest/meta-data/placement/availability-zone HTTP/1.1"" status: 200 len: 120 time: 0.0008440","<*>,<*> ""GET <*>"" status: <*> len: <*> time: <*>","<*> ""GET <*>"" status: <*> len: <*> time: <*>"
"10.11.21.135,10.11.10.1 ""GET /latest/meta-data/local-ipv4 HTTP/1.1"" status: 200 len: 129 time: 0.0008481","<*>,<*> ""GET <*>/meta-data/local-ipv4 HTTP/1.1"" status: <*> len: <*> time: <*>","<*> ""GET <*>"" status: <*> len: <*> time: <*>"
"10.11.21.135,10.11.10.1 ""GET /latest/meta-data/reservation-id HTTP/1.1"" status: 200 len: 127 time: 0.2272091","<*>,<*> ""GET <*>"" status: <*> len: <*> time: <*>","<*> ""GET <*>"" status: <*> len: <*> time: <*>"
"Total usable vcpus: 16, total allocated vcpus: 0","Total usable vcpus: 16, total allocated vcpus: 0","Total usable vcpus: <*>, total allocated vcpus: <*>"
Compute_service record updated for cp-1.slowvm1.tcloud-pg0.utah.cloudlab.us:cp-1.slowvm1.tcloud-pg0.utah.cloudlab.us,Compute_service record updated for <*> for <*>,Compute_service record updated for <*>
"10.11.21.136,10.11.10.1 ""GET /openstack/2012-08-10/meta_data.json HTTP/1.1"" status: 200 len: 264 time: 0.2157998","<*>,<*> ""GET <*>/<*>/meta_data.json HTTP/1.1"" status: <*> len: <*> time: <*>","<*> ""GET <*>"" status: <*> len: <*> time: <*>"
"10.11.21.136,10.11.10.1 ""GET /openstack/2013-10-17 HTTP/1.1"" status: 200 len: 157 time: 0.0013340","<*> ""GET <*> HTTP/1.1"" status: <*> len: <*> time: <*>","<*> ""GET <*>"" status: <*> len: <*> time: <*>"
"10.11.21.136,10.11.10.1 ""GET /openstack/2013-10-17/vendor_data.json HTTP/1.1"" status: 200 len: 124 time: 0.2159710","<*>,<*> ""GET <*>-<*>-<*>/vendor_data.json HTTP/1.1"" status: <*> len: <*> time: <*>","<*> ""GET <*>"" status: <*> len: <*> time: <*>"
"10.11.21.136,10.11.10.1 ""GET /openstack/2013-10-17/vendor_data.json HTTP/1.1"" status: 200 len: 124 time: 0.2191730","<*>,<*> ""GET <*>-<*>-<*>/vendor_data.json HTTP/1.1"" status: <*> len: <*> time: <*>","<*> ""GET <*>"" status: <*> len: <*> time: <*>"
"10.11.21.136,10.11.10.1 ""GET /openstack/2013-10-17/user_data HTTP/1.1"" status: 404 len: 176 time: 0.2141590","<*> ""GET <*>-<*>-<*>/user_data HTTP/1.1"" status: <*> len: <*> time: <*>","<*> ""GET <*>"" status: <*> len: <*> time: <*>"
"10.11.21.136,10.11.10.1 ""GET /openstack/2013-10-17/meta_data.json HTTP/1.1"" status: 200 len: 967 time: 0.0009689","<*> ""GET <*>-<*>-<*>/meta_data.json HTTP/1.1"" status: <*> len: <*> time: <*>","<*> ""GET <*>"" status: <*> len: <*> time: <*>"
"10.11.21.136,10.11.10.1 ""GET /openstack/2013-10-17/meta_data.json HTTP/1.1"" status: 200 len: 967 time: 0.2261841","<*> ""GET <*>-<*>-<*>/meta_data.json HTTP/1.1"" status: <*> len: <*> time: <*>","<*> ""GET <*>"" status: <*> len: <*> time: <*>"
"10.11.21.136,10.11.10.1 ""GET /latest/meta-data/ HTTP/1.1"" status: 200 len: 328 time: 0.0023859","<*>,<*> ""GET <*>/meta-data/ HTTP/1.1"" status: <*> len: <*> time: <*>","<*> ""GET <*>"" status: <*> len: <*> time: <*>"
"10.11.21.136,10.11.10.1 ""GET /latest/meta-data/block-device-mapping/ HTTP/1.1"" status: 200 len: 124 time: 0.2300491","<*>,<*> ""GET <*>/meta-data/block-device-mapping/ HTTP/1.1"" status: <*> len: <*> time: <*>","<*> ""GET <*>"" status: <*> len: <*> time: <*>"
"10.11.21.136,10.11.10.1 ""GET /latest/meta-data/block-device-mapping/ami HTTP/1.1"" status: 200 len: 119 time: 0.0009940","<*> ""GET <*>/meta-data/block-device-mapping/ami HTTP/1.1"" status: <*> len: <*> time: <*>","<*> ""GET <*>"" status: <*> len: <*> time: <*>"
"10.11.21.136,10.11.10.1 ""GET /latest/meta-data/block-device-mapping/root HTTP/1.1"" status: 200 len: 124 time: 0.2360520","<*>,<*> ""GET <*>"" status: <*> len: <*> time: <*>","<*> ""GET <*>"" status: <*> len: <*> time: <*>"
"10.11.21.136,10.11.10.1 ""GET /latest/meta-data/placement/ HTTP/1.1"" status: 200 len: 134 time: 0.0015550","<*>,<*> ""GET <*>"" status: <*> len: <*> time: <*>","<*> ""GET <*>"" status: <*> len: <*> time: <*>"
"10.11.21.136,10.11.10.1 ""GET /latest/meta-data/placement/availability-zone HTTP/1.1"" status: 200 len: 120 time: 0.2186198","<*>,<*> ""GET <*>"" status: <*> len: <*> time: <*>","<*> ""GET <*>"" status: <*> len: <*> time: <*>"
"[instance: be793e89-2cc3-4f99-9884-9c6a624a84bc] Attempting claim: memory 2048 MB, disk 20 GB, vcpus 1 CPU","[instance: be793e89-2cc3-4f99-9884-9c6a624a84bc] Attempting claim: memory <*> MB, disk <*> GB, vcpus <*> CPU","[instance: <*>] Attempting claim: memory <*> MB, disk <*> GB, vcpus <*> CPU"
"[instance: be793e89-2cc3-4f99-9884-9c6a624a84bc] memory limit: 96258.00 MB, free: 95746.00 MB","[instance: be793e89-2cc3-4f99-9884-9c6a624a84bc] memory limit: <*> MB, free: <*> MB","[instance: <*>] memory limit: <*> MB, free: <*> MB"
"[instance: be793e89-2cc3-4f99-9884-9c6a624a84bc] disk limit not specified, defaulting to unlimited","[instance: be793e89-2cc3-4f99-9884-9c6a624a84bc] disk limit not specified, defaulting to unlimited: <*>","[instance: <*>] disk limit not specified, defaulting to unlimited"
[instance: be793e89-2cc3-4f99-9884-9c6a624a84bc] Claim successful,[instance: be793e89-2cc3-4f99-9884-9c6a624a84bc] Claim successful,[instance: <*>] Claim successful
"Total usable vcpus: 16, total allocated vcpus: 1","Total usable vcpus: 16, total allocated vcpus: 1 <*>","Total usable vcpus: <*>, total allocated vcpus: <*>"
Compute_service record updated for cp-1.slowvm1.tcloud-pg0.utah.cloudlab.us:cp-1.slowvm1.tcloud-pg0.utah.cloudlab.us,Compute_service record updated for <*> for <*>,Compute_service record updated for <*>
[instance: be793e89-2cc3-4f99-9884-9c6a624a84bc] VM Started (Lifecycle Event),[instance: be793e89-2cc3-4f99-9884-9c6a624a84bc] VM Started (Lifecycle Event),[instance: <*>] VM Started (Lifecycle Event)
"10.11.21.137,10.11.10.1 ""GET /openstack/2012-08-10/meta_data.json HTTP/1.1"" status: 200 len: 264 time: 0.2397351","<*> ""GET <*>-<*>-<*>/meta_data.json HTTP/1.1"" status: <*> len: <*> time: <*>","<*> ""GET <*>"" status: <*> len: <*> time: <*>"
"10.11.21.137,10.11.10.1 ""GET /openstack/2013-10-17 HTTP/1.1"" status: 200 len: 157 time: 0.0005910","<*> ""GET <*> HTTP/1.1"" status: <*> len: <*> time: <*>","<*> ""GET <*>"" status: <*> len: <*> time: <*>"
"10.11.21.137,10.11.10.1 ""GET /openstack/2013-10-17/vendor_data.json HTTP/1.1"" status: 200 len: 124 time: 0.0005460","<*> ""GET <*>-<*>-<*>/vendor_data.json HTTP/1.1"" status: <*> len: <*> time: <*>","<*> ""GET <*>"" status: <*> len: <*> time: <*>"
"10.11.21.137,10.11.10.1 ""GET /openstack/2013-10-17/vendor_data.json HTTP/1.1"" status: 200 len: 124 time: 0.2337520","<*>,<*> ""GET <*>-<*>-<*>/vendor_data.json HTTP/1.1"" status: <*> len: <*> time: <*>","<*> ""GET <*>"" status: <*> len: <*> time: <*>"
"10.11.21.137,10.11.10.1 ""GET /openstack/2013-10-17/meta_data.json HTTP/1.1"" status: 200 len: 967 time: 0.0013261","<*> ""GET <*>-<*>-<*>/meta_data.json HTTP/1.1"" status: <*> len: <*> time: <*>","<*> ""GET <*>"" status: <*> len: <*> time: <*>"
"10.11.21.137,10.11.10.1 ""GET /openstack/2013-10-17/meta_data.json HTTP/1.1"" status: 200 len: 967 time: 0.0008872","<*> ""GET <*>-<*>-<*>/meta_data.json HTTP/1.1"" status: <*> len: <*> time: <*>","<*> ""GET <*>"" status: <*> len: <*> time: <*>"
"10.11.21.137,10.11.10.1 ""GET /latest/meta-data/ HTTP/1.1"" status: 200 len: 328 time: 0.2276061","<*>,<*> ""GET <*>/meta-data/ HTTP/1.1"" status: <*> len: <*> time: <*>","<*> ""GET <*>"" status: <*> len: <*> time: <*>"
[instance: be793e89-2cc3-4f99-9884-9c6a624a84bc] Instance destroyed successfully.,[instance: be793e89-2cc3-4f99-9884-9c6a624a84bc] Instance destroyed successfully.,[instance: <*>] Instance destroyed successfully.
"10.11.21.138,10.11.10.1 ""GET /openstack/2012-08-10/meta_data.json HTTP/1.1"" status: 200 len: 264 time: 0.2088590","<*>,<*> ""GET <*>/<*>/meta_data.json HTTP/1.1"" status: <*> len: <*> time: <*>","<*> ""GET <*>"" status: <*> len: <*> time: <*>"
"10.11.21.138,10.11.10.1 ""GET /openstack/2013-10-17 HTTP/1.1"" status: 200 len: 157 time: 0.0010941","<*> ""GET <*> HTTP/1.1"" status: <*> len: <*> time: <*>","<*> ""GET <*>"" status: <*> len: <*> time: <*>"
"10.11.21.138,10.11.10.1 ""GET /openstack/2013-10-17/vendor_data.json HTTP/1.1"" status: 200 len: 124 time: 0.2357898","<*>,<*> ""GET <*>-<*>-<*>/vendor_data.json HTTP/1.1"" status: <*> len: <*> time: <*>","<*> ""GET <*>"" status: <*> len: <*> time: <*>"
"10.11.21.138,10.11.10.1 ""GET /openstack/2013-10-17/vendor_data.json HTTP/1.1"" status: 200 len: 124 time: 0.2222931","<*>,<*> ""GET <*>-<*>-<*>/vendor_data.json HTTP/1.1"" status: <*> len: <*> time: <*>","<*> ""GET <*>"" status: <*> len: <*> time: <*>"
"10.11.21.138,10.11.10.1 ""GET /openstack/2013-10-17/meta_data.json HTTP/1.1"" status: 200 len: 967 time: 0.2491531","<*>,<*> ""GET <*>/<*>/meta_data.json HTTP/1.1"" status: <*> len: <*> time: <*>","<*> ""GET <*>"" status: <*> len: <*> time: <*>"
"10.11.21.138,10.11.10.1 ""GET /openstack/2013-10-17/meta_data.json HTTP/1.1"" status: 200 len: 967 time: 0.2451930","<*> ""GET <*>-<*>-<*>/meta_data.json HTTP/1.1"" status: <*> len: <*> time: <*>","<*> ""GET <*>"" status: <*> len: <*> time: <*>"
"Total usable vcpus: 16, total allocated vcpus: 0","Total usable vcpus: 16, total allocated vcpus: 0","Total usable vcpus: <*>, total allocated vcpus: <*>"
Compute_service record updated for cp-1.slowvm1.tcloud-pg0.utah.cloudlab.us:cp-1.slowvm1.tcloud-pg0.utah.cloudlab.us,Compute_service record updated for <*> for <*>,Compute_service record updated for <*>
"10.11.21.139,10.11.10.1 ""GET /openstack/2012-08-10/meta_data.json HTTP/1.1"" status: 200 len: 264 time: 0.2261620","<*> ""GET <*>-<*>-<*>/meta_data.json HTTP/1.1"" status: <*> len: <*> time: <*>","<*> ""GET <*>"" status: <*> len: <*> time: <*>"
"10.11.21.139,10.11.10.1 ""GET /openstack/2013-10-17 HTTP/1.1"" status: 200 len: 157 time: 0.0006461","<*> ""GET <*> HTTP/1.1"" status: <*> len: <*> time: <*>","<*> ""GET <*>"" status: <*> len: <*> time: <*>"
"10.11.21.139,10.11.10.1 ""GET /openstack/2013-10-17/vendor_data.json HTTP/1.1"" status: 200 len: 124 time: 0.0006561","<*> ""GET <*>-<*>-<*>/vendor_data.json HTTP/1.1"" status: <*> len: <*> time: <*>","<*> ""GET <*>"" status: <*> len: <*> time: <*>"
"10.11.21.139,10.11.10.1 ""GET /openstack/2013-10-17/vendor_data.json HTTP/1.1"" status: 200 len: 124 time: 0.2188199","<*>,<*> ""GET <*>-<*>-<*>/vendor_data.json HTTP/1.1"" status: <*> len: <*> time: <*>","<*> ""GET <*>"" status: <*> len: <*> time: <*>"
"10.11.21.139,10.11.10.1 ""GET /openstack/2013-10-17/meta_data.json HTTP/1.1"" status: 200 len: 967 time: 0.2225499","<*>,<*> ""GET <*>/<*>/meta_data.json HTTP/1.1"" status: <*> len: <*> time: <*>","<*> ""GET <*>"" status: <*> len: <*> time: <*>"
"10.11.21.139,10.11.10.1 ""GET /openstack/2013-10-17/meta_data.json HTTP/1.1"" status: 200 len: 967 time: 0.0007999","<*> ""GET <*>-<*>-<*>/meta_data.json HTTP/1.1"" status: <*> len: <*> time: <*>","<*> ""GET <*>"" status: <*> len: <*> time: <*>"
"10.11.21.139,10.11.10.1 ""GET /latest/meta-data/ HTTP/1.1"" status: 200 len: 328 time: 0.0009460","<*>,<*> ""GET <*>/meta-data/ HTTP/1.1"" status: <*> len: <*> time: <*>","<*> ""GET <*>"" status: <*> len: <*> time: <*>"
"10.11.21.139,10.11.10.1 ""GET /latest/meta-data/block-device-mapping/ HTTP/1.1"" status: 200 len: 124 time: 0.2223170","<*>,<*> ""GET <*>/meta-data/block-device-mapping/ HTTP/1.1"" status: <*> len: <*> time: <*>","<*> ""GET <*>"" status: <*> len: <*> time: <*>"
"10.11.21.139,10.11.10.1 ""GET /latest/meta-data/block-device-mapping/ami HTTP/1.1"" status: 200 len: 119 time: 0.2219629","<*>,<*> ""GET <*>"" status: <*> len: <*> time: <*>","<*> ""GET <*>"" status: <*> len: <*> time: <*>"
"10.11.21.139,10.11.10.1 ""GET /latest/meta-data/block-device-mapping/root HTTP/1.1"" status: 200 len: 124 time: 0.2165668","<*>,<*> ""GET <*>"" status: <*> len: <*> time: <*>","<*> ""GET <*>"" status: <*> len: <*> time: <*>"
"10.11.21.139,10.11.10.1 ""GET /latest/meta-data/placement/ HTTP/1.1"" status: 200 len: 134 time: 0.0007932","<*>,<*> ""GET <*>"" status: <*> len: <*> time: <*>","<*> ""GET <*>"" status: <*> len: <*> time: <*>"
"10.11.21.139,10.11.10.1 ""GET /latest/meta-data/placement/availability-zone HTTP/1.1"" status: 200 len: 120 time: 0.0008299","<*>,<*> ""GET <*>"" status: <*> len: <*> time: <*>","<*> ""GET <*>"" status: <*> len: <*> time: <*>"
"10.11.21.139,10.11.10.1 ""GET /latest/meta-data/local-ipv4 HTTP/1.1"" status: 200 len: 129 time: 0.0008519","<*>,<*> ""GET <*>/meta-data/local-ipv4 HTTP/1.1"" status: <*> len: <*> time: <*>","<*> ""GET <*>"" status: <*> len: <*> time: <*>"
"10.11.21.139,10.11.10.1 ""GET /latest/meta-data/reservation-id HTTP/1.1"" status: 200 len: 127 time: 0.0009091","<*>,<*> ""GET <*>"" status: <*> len: <*> time: <*>","<*> ""GET <*>"" status: <*> len: <*> time: <*>"
"10.11.21.139,10.11.10.1 ""GET /latest/meta-data/local-hostname HTTP/1.1"" status: 200 len: 130 time: 0.0008819","<*>,<*> ""GET <*>"" status: <*> len: <*> time: <*>","<*> ""GET <*>"" status: <*> len: <*> time: <*>"
"10.11.21.139,10.11.10.1 ""GET /latest/meta-data/security-groups HTTP/1.1"" status: 200 len: 123 time: 0.0008359","<*>,<*> ""GET <*>"" status: <*> len: <*> time: <*>","<*> ""GET <*>"" status: <*> len: <*> time: <*>"
"10.11.21.139,10.11.10.1 ""GET /latest/meta-data/ami-launch-index HTTP/1.1"" status: 200 len: 117 time: 0.2664881","<*>,<*> ""GET <*>"" status: <*> len: <*> time: <*>","<*> ""GET <*>"" status: <*> len: <*> time: <*>"
"Total usable vcpus: 16, total allocated vcpus: 1","Total usable vcpus: 16, total allocated vcpus: 1 <*>","Total usable vcpus: <*>, total allocated vcpus: <*>"
Compute_service record updated for cp-1.slowvm1.tcloud-pg0.utah.cloudlab.us:cp-1.slowvm1.tcloud-pg0.utah.cloudlab.us,Compute_service record updated for <*> for <*>,Compute_service record updated for <*>
"10.11.21.140,10.11.10.1 ""GET /openstack/2012-08-10/meta_data.json HTTP/1.1"" status: 200 len: 264 time: 0.2175281","<*>,<*> ""GET <*>/<*>/meta_data.json HTTP/1.1"" status: <*> len: <*> time: <*>","<*> ""GET <*>"" status: <*> len: <*> time: <*>"
"10.11.21.140,10.11.10.1 ""GET /openstack/2013-10-17 HTTP/1.1"" status: 200 len: 157 time: 0.2332909","<*>,<*> ""GET <*> HTTP/1.1"" status: <*> len: <*> time: <*>","<*> ""GET <*>"" status: <*> len: <*> time: <*>"
"10.11.21.140,10.11.10.1 ""GET /openstack/2013-10-17/vendor_data.json HTTP/1.1"" status: 200 len: 124 time: 0.2250240","<*>,<*> ""GET <*>-<*>-<*>/vendor_data.json HTTP/1.1"" status: <*> len: <*> time: <*>","<*> ""GET <*>"" status: <*> len: <*> time: <*>"
"10.11.21.140,10.11.10.1 ""GET /openstack/2013-10-17/vendor_data.json HTTP/1.1"" status: 200 len: 124 time: 0.0006189","<*>,<*> ""GET <*>-<*>-<*>/vendor_data.json HTTP/1.1"" status: <*> len: <*> time: <*>","<*> ""GET <*>"" status: <*> len: <*> time: <*>"
"10.11.21.140,10.11.10.1 ""GET /openstack/2013-10-17/meta_data.json HTTP/1.1"" status: 200 len: 967 time: 0.0032220","<*>,<*> ""GET <*>/<*>/meta_data.json HTTP/1.1"" status: <*> len: <*> time: <*>","<*> ""GET <*>"" status: <*> len: <*> time: <*>"
"10.11.21.140,10.11.10.1 ""GET /openstack/2013-10-17/meta_data.json HTTP/1.1"" status: 200 len: 967 time: 0.2314420","<*>,<*> ""GET <*>/<*>/meta_data.json HTTP/1.1"" status: <*> len: <*> time: <*>","<*> ""GET <*>"" status: <*> len: <*> time: <*>"
"10.11.21.141,10.11.10.1 ""GET /openstack/2012-08-10/meta_data.json HTTP/1.1"" status: 200 len: 264 time: 0.2279789","<*>,<*> ""GET <*>/<*>/meta_data.json HTTP/1.1"" status: <*> len: <*> time: <*>","<*> ""GET <*>"" status: <*> len: <*> time: <*>"
"10.11.21.141,10.11.10.1 ""GET /openstack/2013-10-17 HTTP/1.1"" status: 200 len: 157 time: 0.0009151","<*>,<*> ""GET <*>-<*>-<*> HTTP/<*>"" status: <*> len: <*> time: <*>","<*> ""GET <*>"" status: <*> len: <*> time: <*>"
"10.11.21.141,10.11.10.1 ""GET /openstack/2013-10-17/vendor_data.json HTTP/1.1"" status: 200 len: 124 time: 0.2249861","<*>,<*> ""GET <*>-<*>-<*>/vendor_data.json HTTP/1.1"" status: <*> len: <*> time: <*>","<*> ""GET <*>"" status: <*> len: <*> time: <*>"
"10.11.21.141,10.11.10.1 ""GET /openstack/2013-10-17/vendor_data.json HTTP/1.1"" status: 200 len: 124 time: 0.2228522","<*>,<*> ""GET <*>-<*>-<*>/vendor_data.json HTTP/1.1"" status: <*> len: <*> time: <*>","<*> ""GET <*>"" status: <*> len: <*> time: <*>"
"10.11.21.141,10.11.10.1 ""GET /openstack/2013-10-17/meta_data.json HTTP/1.1"" status: 200 len: 967 time: 0.0009491","<*>,<*> ""GET <*>/<*>/meta_data.json HTTP/1.1"" status: <*> len: <*> time: <*>","<*> ""GET <*>"" status: <*> len: <*> time: <*>"
"10.11.21.141,10.11.10.1 ""GET /openstack/2013-10-17/meta_data.json HTTP/1.1"" status: 200 len: 967 time: 0.0013518","<*>,<*> ""GET <*>/<*>/meta_data.json HTTP/1.1"" status: <*> len: <*> time: <*>","<*> ""GET <*>"" status: <*> len: <*> time: <*>"
"10.11.21.141,10.11.10.1 ""GET /latest/meta-data/ HTTP/1.1"" status: 200 len: 328 time: 0.2267661","<*>,<*> ""GET <*>/meta-data/ HTTP/1.1"" status: <*> len: <*> time: <*>","<*> ""GET <*>"" status: <*> len: <*> time: <*>"
"10.11.21.141,10.11.10.1 ""GET /latest/meta-data/block-device-mapping/ HTTP/1.1"" status: 200 len: 124 time: 0.2311139","<*>,<*> ""GET <*>/meta-data/block-device-mapping/ HTTP/1.1"" status: <*> len: <*> time: <*>","<*> ""GET <*>"" status: <*> len: <*> time: <*>"
"Total usable vcpus: 16, total allocated vcpus: 0","Total usable vcpus: 16, total allocated vcpus: 0","Total usable vcpus: <*>, total allocated vcpus: <*>"
Compute_service record updated for cp-1.slowvm1.tcloud-pg0.utah.cloudlab.us:cp-1.slowvm1.tcloud-pg0.utah.cloudlab.us,Compute_service record updated for <*> for <*>,Compute_service record updated for <*>
"10.11.21.142,10.11.10.1 ""GET /openstack/2012-08-10/meta_data.json HTTP/1.1"" status: 200 len: 264 time: 0.2294021","<*>,<*> ""GET <*>/<*>/meta_data.json HTTP/1.1"" status: <*> len: <*> time: <*>","<*> ""GET <*>"" status: <*> len: <*> time: <*>"
"10.11.21.142,10.11.10.1 ""GET /openstack/2013-10-17 HTTP/1.1"" status: 200 len: 157 time: 0.0008900","<*>,<*> ""GET <*> HTTP/1.1"" status: <*> len: <*> time: <*>","<*> ""GET <*>"" status: <*> len: <*> time: <*>"
"10.11.21.142,10.11.10.1 ""GET /openstack/2013-10-17/vendor_data.json HTTP/1.1"" status: 200 len: 124 time: 0.2247450","<*>,<*> ""GET <*>-<*>-<*>/vendor_data.json HTTP/1.1"" status: <*> len: <*> time: <*>","<*> ""GET <*>"" status: <*> len: <*> time: <*>"
"10.11.21.142,10.11.10.1 ""GET /openstack/2013-10-17/vendor_data.json HTTP/1.1"" status: 200 len: 124 time: 0.2241619","<*>,<*> ""GET <*>-<*>-<*>/vendor_data.json HTTP/1.1"" status: <*> len: <*> time: <*>","<*> ""GET <*>"" status: <*> len: <*> time: <*>"
"10.11.21.142,10.11.10.1 ""GET /openstack/2013-10-17/meta_data.json HTTP/1.1"" status: 200 len: 967 time: 0.2257652","<*>,<*> ""GET <*>/<*>/meta_data.json HTTP/1.1"" status: <*> len: <*> time: <*>","<*> ""GET <*>"" status: <*> len: <*> time: <*>"
"10.11.21.142,10.11.10.1 ""GET /openstack/2013-10-17/meta_data.json HTTP/1.1"" status: 200 len: 967 time: 0.2429230","<*>,<*> ""GET <*>/<*>/meta_data.json HTTP/1.1"" status: <*> len: <*> time: <*>","<*> ""GET <*>"" status: <*> len: <*> time: <*>"
"10.11.21.142,10.11.10.1 ""GET /latest/meta-data/ HTTP/1.1"" status: 200 len: 328 time: 0.2538400","<*>,<*> ""GET <*>/meta-data/ HTTP/1.1"" status: <*> len: <*> time: <*>","<*> ""GET <*>"" status: <*> len: <*> time: <*>"
"[instance: faf974ea-cba5-4e1b-93f4-3a3bc606006f] memory limit: 96258.00 MB, free: 95746.00 MB","[instance: faf974ea-cba5-4e1b-93f4-3a3bc606006f] memory limit: 96258.00 MB, free: 95746.00 MB","[instance: <*>] memory limit: <*> MB, free: <*> MB"
"Total usable vcpus: 16, total allocated vcpus: 1","Total usable vcpus: 16, total allocated vcpus: 1 <*>","Total usable vcpus: <*>, total allocated vcpus: <*>"
Compute_service record updated for cp-1.slowvm1.tcloud-pg0.utah.cloudlab.us:cp-1.slowvm1.tcloud-pg0.utah.cloudlab.us,Compute_service record updated for <*> for <*>,Compute_service record updated for <*>
"10.11.21.143,10.11.10.1 ""GET /openstack/2012-08-10/meta_data.json HTTP/1.1"" status: 200 len: 264 time: 0.2402911","<*>,<*> ""GET <*>/<*>/meta_data.json HTTP/1.1"" status: <*> len: <*> time: <*>","<*> ""GET <*>"" status: <*> len: <*> time: <*>"
"10.11.21.143,10.11.10.1 ""GET /openstack/2013-10-17 HTTP/1.1"" status: 200 len: 157 time: 0.0009041","<*>,<*> ""GET <*> HTTP/1.1"" status: <*> len: <*> time: <*>","<*> ""GET <*>"" status: <*> len: <*> time: <*>"
"10.11.21.143,10.11.10.1 ""GET /openstack/2013-10-17/vendor_data.json HTTP/1.1"" status: 200 len: 124 time: 0.2292829","<*>,<*> ""GET <*>-<*>-<*>/vendor_data.json HTTP/1.1"" status: <*> len: <*> time: <*>","<*> ""GET <*>"" status: <*> len: <*> time: <*>"
"10.11.21.143,10.11.10.1 ""GET /openstack/2013-10-17/vendor_data.json HTTP/1.1"" status: 200 len: 124 time: 0.2143800","<*>,<*> ""GET <*>-<*>-<*>/vendor_data.json HTTP/1.1"" status: <*> len: <*> time: <*>","<*> ""GET <*>"" status: <*> len: <*> time: <*>"
"10.11.21.143,10.11.10.1 ""GET /openstack/2013-10-17/meta_data.json HTTP/1.1"" status: 200 len: 967 time: 0.0014119","<*>,<*> ""GET <*>/<*>/meta_data.json HTTP/1.1"" status: <*> len: <*> time: <*>","<*> ""GET <*>"" status: <*> len: <*> time: <*>"
"10.11.21.143,10.11.10.1 ""GET /openstack/2013-10-17/meta_data.json HTTP/1.1"" status: 200 len: 967 time: 0.2221360","<*>,<*> ""GET <*>/<*>/meta_data.json HTTP/1.1"" status: <*> len: <*> time: <*>","<*> ""GET <*>"" status: <*> len: <*> time: <*>"
"10.11.21.143,10.11.10.1 ""GET /latest/meta-data/ HTTP/1.1"" status: 200 len: 328 time: 0.2230601","<*>,<*> ""GET <*>/meta-data/ HTTP/1.1"" status: <*> len: <*> time: <*>","<*> ""GET <*>"" status: <*> len: <*> time: <*>"
"10.11.21.143,10.11.10.1 ""GET /latest/meta-data/block-device-mapping/ HTTP/1.1"" status: 200 len: 124 time: 0.0010331","<*>,<*> ""GET <*>/meta-data/block-device-mapping/ HTTP/1.1"" status: <*> len: <*> time: <*>","<*> ""GET <*>"" status: <*> len: <*> time: <*>"
"10.11.21.143,10.11.10.1 ""GET /latest/meta-data/block-device-mapping/ami HTTP/1.1"" status: 200 len: 119 time: 0.2359550","<*>,<*> ""GET <*>"" status: <*> len: <*> time: <*>","<*> ""GET <*>"" status: <*> len: <*> time: <*>"
"10.11.21.143,10.11.10.1 ""GET /latest/meta-data/block-device-mapping/root HTTP/1.1"" status: 200 len: 124 time: 0.0009151","<*>,<*> ""GET <*>"" status: <*> len: <*> time: <*>","<*> ""GET <*>"" status: <*> len: <*> time: <*>"
"10.11.21.143,10.11.10.1 ""GET /latest/meta-data/placement/ HTTP/1.1"" status: 200 len: 134 time: 0.4259689","<*>,<*> ""GET <*>"" status: <*> len: <*> time: <*>","<*> ""GET <*>"" status: <*> len: <*> time: <*>"
