"Kind: YARN_AM_RM_TOKEN, Service:, Ident: (appAttemptId { application_id { id: 20 cluster_timestamp: 1445144423722 } attemptId: 1 } keyId: -127633188)","Kind: <*>, Service: <*>, Ident: (appAttemptId au√üerhalb meiner <*> :<*>, cluster_timestamp:<*> :<*> )","Kind: YARN_AM_RM_TOKEN, Service: , Ident: (appAttemptId { application_id { id: <*> cluster_timestamp: <*> } attemptId: <*> } keyId: <*>)"
OutputCommitter set in config null,OutputCommitter set in config null,OutputCommitter set in config <*>
OutputCommitter is org.apache.hadoop.mapreduce.lib.output.FileOutputCommitter,OutputCommitter is org.apache.hadoop.mapreduce.<*>,OutputCommitter is org.apache.hadoop.mapreduce.lib.output.FileOutputCommitter
Registering class org.apache.hadoop.mapreduce.jobhistory.EventType for class org.apache.hadoop.mapreduce.jobhistory.JobHistoryEventHandler,Registering class org.apache.hadoop.mapreduce.JOBHistoryEventHandler,Registering class org.apache.hadoop.mapreduce.<*> for class org.apache.hadoop.mapreduce.<*>
Adding protocol org.apache.hadoop.mapreduce.v2.api.MRClientProtocolPB to the server,Adding protocol org.apache.hadoop.mapreduce.<*> to the server,Adding protocol org.apache.hadoop.mapreduce.v2.api.MRClientProtocolPB to the server
Logging to org.slf4j.impl.Log4jLoggerAdapter(org.mortbay.log) via org.mortbay.log.Slf4jLog,Logging to org.slf4j.impl.LoggerAdapter(org.mortbay.log) via org.mortbay.log.Slf4jLog,Logging to <*>(org.mortbay.log) via <*>
Added filter AM_PROXY_FILTER (class=org.apache.hadoop.yarn.server.webproxy.amfilter.AmIpFilter) to context mapreduce,Added filter AM_PROXY_FILTER (class=org.apache.hadoop.yaharn.<*> ) to context mapreduce,Added filter AM_PROXY_FILTER (class=org.apache.hadoop.yarn.server.webproxy.amfilter.AmIpFilter) to context mapreduce
Added filter AM_PROXY_FILTER (class=org.apache.hadoop.yarn.server.webproxy.amfilter.AmIpFilter) to context static,Added filter AM_PROXY_FILTER (class=org.apache.hadoop.yaharn.<*> ) to context static,Added filter AM_PROXY_FILTER (class=org.apache.hadoop.yarn.server.webproxy.amfilter.AmIpFilter) to context static
jetty-6.1.26,<*>,jetty-<*>
Extract jar:file:/D:/hadoop-2.6.0-localbox/share/hadoop/yarn/hadoop-yarn-common-2.6.0-SNAPSHOT.jar!/webapps/mapreduce to C:\ Users\ msrabi\ AppData\ Local\ Temp\ Jetty_0_0_0_0_62267_mapreduce____.8n7xum\ webapp,Extract jar: file: <*> :<*> :<*> jar,Extract jar:file:<*> to <*>
nodeBlacklistingEnabled:true,nodeBlacklistingEnabled:true,nodeBlacklistingEnabled:<*>
"maxContainerCapability: < memory:8192, vCores:32>","maxContainerCapability: <*> memory:<*>, vCores:<*>","maxContainerCapability: <memory:<*>, vCores:<*>"
"mapResourceRequest:< memory:1024, vCores:1>","mapResourceRequest: memory:<*>, vCores:<*>","mapResourceRequest:<memory:<*>, vCores:<*>"
"Event Writer setup for JobId: job_1445144423722_0020, File: hdfs://msra-sa-41:9000/tmp/hadoop-yarn/staging/msrabi/.staging/job_1445144423722_0020/job_1445144423722_0020_1.jhist","Event Writer setup for JobId: <*>, File: <*> :<*>, <*> :<*>","Event Writer setup for JobId: <*>, File: hdfs://<*>"
"reduceResourceRequest:< memory:1024, vCores:1>","reduceResourceRequest: memory:<*>, vCores:<*>","reduceResourceRequest:<memory:<*>, vCores:<*>"
"getResources() for application_1445144423722_0020: ask=4 release= 0 newContainers=0 finishedContainers=0 resourcelimit=< memory:10240, vCores:-17> knownNMs=4","getResources() for <*> : ask=<*> release= <*> newContainers=<*> finishedContainers=<*> resourcelimit=<*> memory:<*>, vCores:<*> knownNMs=<*>","getResources() for <*>: ask=<*> release= <*> newContainers=<*> finishedContainers=<*> resourcelimit=<memory:<*>, vCores:<*> knownNMs=<*>"
"Recalculating schedule, headroom=< memory:10240, vCores:-17>","Recalculating schedule, headroom=<*> memory:<*>, vCores:<*>","Recalculating schedule, headroom=<memory:<*>, vCores:<*>"
"Recalculating schedule, headroom=< memory:10240, vCores:-17>","Recalculating schedule, headroom=<*> memory:<*>, vCores:<*>","Recalculating schedule, headroom=<memory:<*>, vCores:<*>"
"Recalculating schedule, headroom=< memory:8192, vCores:-19>","Recalculating schedule, headroom=<*> memory:<*>, vCores:<*>","Recalculating schedule, headroom=<memory:<*>, vCores:<*>"
The job-jar file on the remote FS is hdfs://msra-sa-41:9000/tmp/hadoop-yarn/staging/msrabi/.staging/job_1445144423722_0020/job.jar,The job-jar file on the remote FS is hdfs://<*> :<*>. The job-jar file on the remote FS is hdfs://<*> :<*>. The job-jar file on the remote FS is hdfs://<*> :<*>.,The job-jar file on the remote FS is hdfs://<*>
The job-conf file on the remote FS is /tmp/hadoop-yarn/staging/msrabi/.staging/job_1445144423722_0020/job.xml,The job-conf file on the remote FS is <*> /<*> /<*> /<*>,The job-conf file on the remote FS is <*>
"getResources() for application_1445144423722_0020: ask=4 release= 0 newContainers=0 finishedContainers=0 resourcelimit=< memory:7168, vCores:-20> knownNMs=4","getResources() for <*> : ask=<*> release= <*> newContainers=<*> finishedContainers=<*> resourcelimit=<*> memory:<*>, vCores:<*> knownNMs=<*>","getResources() for <*>: ask=<*> release= <*> newContainers=<*> finishedContainers=<*> resourcelimit=<memory:<*>, vCores:<*> knownNMs=<*>"
"Recalculating schedule, headroom=< memory:7168, vCores:-20>","Recalculating schedule, headroom=<*> memory:<*>, vCores:<*>","Recalculating schedule, headroom=<memory:<*>, vCores:<*>"
Resolved MININT-FNANLI5.fareast.corp.microsoft.com to /default-rack,Resolved MININT-<*> to <*>,Resolved <*> to <*>
"Recalculating schedule, headroom=< memory:5120, vCores:-22>","Recalculating schedule, headroom=<*> memory:<*>, vCores:<*>","Recalculating schedule, headroom=<memory:<*>, vCores:<*>"
Resolved MININT-FNANLI5.fareast.corp.microsoft.com to /default-rack,Resolved MININT-<*> to <*>,Resolved <*> to <*>
Opening proxy : MININT-FNANLI5.fareast.corp.microsoft.com:52368,Opening proxy : MININT-<*> :<*>,Opening proxy : <*>:<*>
"getResources() for application_1445144423722_0020: ask=4 release= 0 newContainers=0 finishedContainers=0 resourcelimit=< memory:4096, vCores:-23> knownNMs=4","getResources() for <*> : ask=<*> release= <*> newContainers=<*> finishedContainers=<*> resourcelimit=<*> memory:<*>, vCores:<*> knownNMs=<*>","getResources() for <*>: ask=<*> release= <*> newContainers=<*> finishedContainers=<*> resourcelimit=<memory:<*>, vCores:<*> knownNMs=<*>"
"Recalculating schedule, headroom=< memory:4096, vCores:-23>","Recalculating schedule, headroom=<*> memory:<*>, vCores:<*>","Recalculating schedule, headroom=<memory:<*>, vCores:<*>"
Resolved MININT-FNANLI5.fareast.corp.microsoft.com to /default-rack,Resolved MININT-<*> to <*>,Resolved <*> to <*>
"Recalculating schedule, headroom=< memory:3072, vCores:-24>","Recalculating schedule, headroom=<*> memory:<*>, vCores:<*>","Recalculating schedule, headroom=<memory:<*>, vCores:<*>"
Resolved MININT-FNANLI5.fareast.corp.microsoft.com to /default-rack,Resolved MININT-<*> to <*>,Resolved <*> to <*>
Opening proxy : MININT-FNANLI5.fareast.corp.microsoft.com:52368,Opening proxy : MININT-<*> :<*>,Opening proxy : <*>:<*>
"getResources() for application_1445144423722_0020: ask=4 release= 0 newContainers=0 finishedContainers=0 resourcelimit=< memory:1024, vCores:-26> knownNMs=4","getResources() for <*> : ask=<*> release= <*> newContainers=<*> finishedContainers=<*> resourcelimit=<*> memory:<*>, vCores:<*> knownNMs=<*>","getResources() for <*>: ask=<*> release= <*> newContainers=<*> finishedContainers=<*> resourcelimit=<memory:<*>, vCores:<*> knownNMs=<*>"
"Recalculating schedule, headroom=< memory:1024, vCores:-26>","Recalculating schedule, headroom=<*> memory:<*>, vCores:<*>","Recalculating schedule, headroom=<memory:<*>, vCores:<*>"
"Recalculating schedule, headroom=< memory:1024, vCores:-26>","Recalculating schedule, headroom=<*> memory:<*>, vCores:<*>","Recalculating schedule, headroom=<memory:<*>, vCores:<*>"
"Recalculating schedule, headroom=< memory:0, vCores:-27>","Recalculating schedule, headroom=<*> memory:<*>, vCores:<*>","Recalculating schedule, headroom=<memory:<*>, vCores:<*>"
"Recalculating schedule, headroom=< memory:0, vCores:-27>","Recalculating schedule, headroom=<*> memory:<*>, vCores:<*>","Recalculating schedule, headroom=<memory:<*>, vCores:<*>"
"Recalculating schedule, headroom=< memory:0, vCores:-27>","Recalculating schedule, headroom=<*> memory:<*>, vCores:<*>","Recalculating schedule, headroom=<memory:<*>, vCores:<*>"
"Recalculating schedule, headroom=< memory:0, vCores:-27>","Recalculating schedule, headroom=<*> memory:<*>, vCores:<*>","Recalculating schedule, headroom=<memory:<*>, vCores:<*>"
"Recalculating schedule, headroom=< memory:0, vCores:-27>","Recalculating schedule, headroom=<*> memory:<*>, vCores:<*>","Recalculating schedule, headroom=<memory:<*>, vCores:<*>"
"Recalculating schedule, headroom=< memory:0, vCores:-27>","Recalculating schedule, headroom=<*> memory:<*>, vCores:<*>","Recalculating schedule, headroom=<memory:<*>, vCores:<*>"
"Recalculating schedule, headroom=< memory:0, vCores:-27>","Recalculating schedule, headroom=<*> memory:<*>, vCores:<*>","Recalculating schedule, headroom=<memory:<*>, vCores:<*>"
"Recalculating schedule, headroom=< memory:0, vCores:-27>","Recalculating schedule, headroom=<*> memory:<*>, vCores:<*>","Recalculating schedule, headroom=<memory:<*>, vCores:<*>"
"Recalculating schedule, headroom=< memory:0, vCores:-27>","Recalculating schedule, headroom=<*> memory:<*>, vCores:<*>","Recalculating schedule, headroom=<memory:<*>, vCores:<*>"
"Recalculating schedule, headroom=< memory:0, vCores:-27>","Recalculating schedule, headroom=<*> memory:<*>, vCores:<*>","Recalculating schedule, headroom=<memory:<*>, vCores:<*>"
"Recalculating schedule, headroom=< memory:0, vCores:-27>","Recalculating schedule, headroom=<*> memory:<*>, vCores:<*>","Recalculating schedule, headroom=<memory:<*>, vCores:<*>"
"Recalculating schedule, headroom=< memory:0, vCores:-27>","Recalculating schedule, headroom=<*> memory:<*>, vCores:<*>","Recalculating schedule, headroom=<memory:<*>, vCores:<*>"
"Recalculating schedule, headroom=< memory:0, vCores:-27>","Recalculating schedule, headroom=<*> memory:<*>, vCores:<*>","Recalculating schedule, headroom=<memory:<*>, vCores:<*>"
"Recalculating schedule, headroom=< memory:0, vCores:-27>","Recalculating schedule, headroom=<*> memory:<*>, vCores:<*>","Recalculating schedule, headroom=<memory:<*>, vCores:<*>"
"Recalculating schedule, headroom=< memory:0, vCores:-27>","Recalculating schedule, headroom=<*> memory:<*>, vCores:<*>","Recalculating schedule, headroom=<memory:<*>, vCores:<*>"
"Recalculating schedule, headroom=< memory:0, vCores:-27>","Recalculating schedule, headroom=<*> memory:<*>, vCores:<*>","Recalculating schedule, headroom=<memory:<*>, vCores:<*>"
"Recalculating schedule, headroom=< memory:0, vCores:-27>","Recalculating schedule, headroom=<*> memory:<*>, vCores:<*>","Recalculating schedule, headroom=<memory:<*>, vCores:<*>"
"Recalculating schedule, headroom=< memory:0, vCores:-27>","Recalculating schedule, headroom=<*> memory:<*>, vCores:<*>","Recalculating schedule, headroom=<memory:<*>, vCores:<*>"
"Recalculating schedule, headroom=< memory:0, vCores:-27>","Recalculating schedule, headroom=<*> memory:<*>, vCores:<*>","Recalculating schedule, headroom=<memory:<*>, vCores:<*>"
"Recalculating schedule, headroom=< memory:0, vCores:-27>","Recalculating schedule, headroom=<*> memory:<*>, vCores:<*>","Recalculating schedule, headroom=<memory:<*>, vCores:<*>"
"Recalculating schedule, headroom=< memory:0, vCores:-27>","Recalculating schedule, headroom=<*> memory:<*>, vCores:<*>","Recalculating schedule, headroom=<memory:<*>, vCores:<*>"
"Recalculating schedule, headroom=< memory:0, vCores:-27>","Recalculating schedule, headroom=<*> memory:<*>, vCores:<*>","Recalculating schedule, headroom=<memory:<*>, vCores:<*>"
"Recalculating schedule, headroom=< memory:0, vCores:-27>","Recalculating schedule, headroom=<*> memory:<*>, vCores:<*>","Recalculating schedule, headroom=<memory:<*>, vCores:<*>"
"Recalculating schedule, headroom=< memory:0, vCores:-27>","Recalculating schedule, headroom=<*> memory:<*>, vCores:<*>","Recalculating schedule, headroom=<memory:<*>, vCores:<*>"
"Recalculating schedule, headroom=< memory:0, vCores:-27>","Recalculating schedule, headroom=<*> memory:<*>, vCores:<*>","Recalculating schedule, headroom=<memory:<*>, vCores:<*>"
"Recalculating schedule, headroom=< memory:0, vCores:-27>","Recalculating schedule, headroom=<*> memory:<*>, vCores:<*>","Recalculating schedule, headroom=<memory:<*>, vCores:<*>"
"Recalculating schedule, headroom=< memory:0, vCores:-27>","Recalculating schedule, headroom=<*> memory:<*>, vCores:<*>","Recalculating schedule, headroom=<memory:<*>, vCores:<*>"
"Recalculating schedule, headroom=< memory:0, vCores:-27>","Recalculating schedule, headroom=<*> memory:<*>, vCores:<*>","Recalculating schedule, headroom=<memory:<*>, vCores:<*>"
"Recalculating schedule, headroom=< memory:0, vCores:-27>","Recalculating schedule, headroom=<*> memory:<*>, vCores:<*>","Recalculating schedule, headroom=<memory:<*>, vCores:<*>"
"Recalculating schedule, headroom=< memory:0, vCores:-27>","Recalculating schedule, headroom=<*> memory:<*>, vCores:<*>","Recalculating schedule, headroom=<memory:<*>, vCores:<*>"
"Recalculating schedule, headroom=< memory:0, vCores:-27>","Recalculating schedule, headroom=<*> memory:<*>, vCores:<*>","Recalculating schedule, headroom=<memory:<*>, vCores:<*>"
"Recalculating schedule, headroom=< memory:0, vCores:-27>","Recalculating schedule, headroom=<*> memory:<*>, vCores:<*>","Recalculating schedule, headroom=<memory:<*>, vCores:<*>"
"Recalculating schedule, headroom=< memory:0, vCores:-27>","Recalculating schedule, headroom=<*> memory:<*>, vCores:<*>","Recalculating schedule, headroom=<memory:<*>, vCores:<*>"
"Recalculating schedule, headroom=< memory:0, vCores:-27>","Recalculating schedule, headroom=<*> memory:<*>, vCores:<*>","Recalculating schedule, headroom=<memory:<*>, vCores:<*>"
"Recalculating schedule, headroom=< memory:0, vCores:-27>","Recalculating schedule, headroom=<*> memory:<*>, vCores:<*>","Recalculating schedule, headroom=<memory:<*>, vCores:<*>"
"Recalculating schedule, headroom=< memory:0, vCores:-27>","Recalculating schedule, headroom=<*> memory:<*>, vCores:<*>","Recalculating schedule, headroom=<memory:<*>, vCores:<*>"
"Recalculating schedule, headroom=< memory:0, vCores:-27>","Recalculating schedule, headroom=<*> memory:<*>, vCores:<*>","Recalculating schedule, headroom=<memory:<*>, vCores:<*>"
"Recalculating schedule, headroom=< memory:0, vCores:-27>","Recalculating schedule, headroom=<*> memory:<*>, vCores:<*>","Recalculating schedule, headroom=<memory:<*>, vCores:<*>"
"Recalculating schedule, headroom=< memory:0, vCores:-27>","Recalculating schedule, headroom=<*> memory:<*>, vCores:<*>","Recalculating schedule, headroom=<memory:<*>, vCores:<*>"
"Recalculating schedule, headroom=< memory:0, vCores:-27>","Recalculating schedule, headroom=<*> memory:<*>, vCores:<*>","Recalculating schedule, headroom=<memory:<*>, vCores:<*>"
"Recalculating schedule, headroom=< memory:0, vCores:-27>","Recalculating schedule, headroom=<*> memory:<*>, vCores:<*>","Recalculating schedule, headroom=<memory:<*>, vCores:<*>"
"Recalculating schedule, headroom=< memory:0, vCores:-27>","Recalculating schedule, headroom=<*> memory:<*>, vCores:<*>","Recalculating schedule, headroom=<memory:<*>, vCores:<*>"
"getResources() for application_1445144423722_0020: ask=4 release= 0 newContainers=0 finishedContainers=0 resourcelimit=< memory:0, vCores:-27> knownNMs=4","getResources() for <*> : ask=<*> release= <*> newContainers=<*> finishedContainers=<*> resourcelimit=<*> memory:<*>, vCores:<*> knownNMs=<*>","getResources() for <*>: ask=<*> release= <*> newContainers=<*> finishedContainers=<*> resourcelimit=<memory:<*>, vCores:<*> knownNMs=<*>"
"Recalculating schedule, headroom=< memory:0, vCores:-27>","Recalculating schedule, headroom=<*> memory:<*>, vCores:<*>","Recalculating schedule, headroom=<memory:<*>, vCores:<*>"
"Recalculating schedule, headroom=< memory:0, vCores:-27>","Recalculating schedule, headroom=<*> memory:<*>, vCores:<*>","Recalculating schedule, headroom=<memory:<*>, vCores:<*>"
"Recalculating schedule, headroom=< memory:0, vCores:-27>","Recalculating schedule, headroom=<*> memory:<*>, vCores:<*>","Recalculating schedule, headroom=<memory:<*>, vCores:<*>"
"Recalculating schedule, headroom=< memory:0, vCores:-27>","Recalculating schedule, headroom=<*> memory:<*>, vCores:<*>","Recalculating schedule, headroom=<memory:<*>, vCores:<*>"
"Recalculating schedule, headroom=< memory:0, vCores:-27>","Recalculating schedule, headroom=<*> memory:<*>, vCores:<*>","Recalculating schedule, headroom=<memory:<*>, vCores:<*>"
"Recalculating schedule, headroom=< memory:0, vCores:-27>","Recalculating schedule, headroom=<*> memory:<*>, vCores:<*>","Recalculating schedule, headroom=<memory:<*>, vCores:<*>"
"Recalculating schedule, headroom=< memory:0, vCores:-27>","Recalculating schedule, headroom=<*> memory:<*>, vCores:<*>","Recalculating schedule, headroom=<memory:<*>, vCores:<*>"
"Recalculating schedule, headroom=< memory:0, vCores:-27>","Recalculating schedule, headroom=<*> memory:<*>, vCores:<*>","Recalculating schedule, headroom=<memory:<*>, vCores:<*>"
"Recalculating schedule, headroom=< memory:0, vCores:-27>","Recalculating schedule, headroom=<*> memory:<*>, vCores:<*>","Recalculating schedule, headroom=<memory:<*>, vCores:<*>"
"Recalculating schedule, headroom=< memory:0, vCores:-27>","Recalculating schedule, headroom=<*> memory:<*>, vCores:<*>","Recalculating schedule, headroom=<memory:<*>, vCores:<*>"
"Recalculating schedule, headroom=< memory:0, vCores:-27>","Recalculating schedule, headroom=<*> memory:<*>, vCores:<*>","Recalculating schedule, headroom=<memory:<*>, vCores:<*>"
"Recalculating schedule, headroom=< memory:0, vCores:-27>","Recalculating schedule, headroom=<*> memory:<*>, vCores:<*>","Recalculating schedule, headroom=<memory:<*>, vCores:<*>"
"Recalculating schedule, headroom=< memory:0, vCores:-27>","Recalculating schedule, headroom=<*> memory:<*>, vCores:<*>","Recalculating schedule, headroom=<memory:<*>, vCores:<*>"
"Recalculating schedule, headroom=< memory:0, vCores:-27>","Recalculating schedule, headroom=<*> memory:<*>, vCores:<*>","Recalculating schedule, headroom=<memory:<*>, vCores:<*>"
"Recalculating schedule, headroom=< memory:0, vCores:-27>","Recalculating schedule, headroom=<*> memory:<*>, vCores:<*>","Recalculating schedule, headroom=<memory:<*>, vCores:<*>"
"Recalculating schedule, headroom=< memory:0, vCores:-27>","Recalculating schedule, headroom=<*> memory:<*>, vCores:<*>","Recalculating schedule, headroom=<memory:<*>, vCores:<*>"
"Recalculating schedule, headroom=< memory:0, vCores:-27>","Recalculating schedule, headroom=<*> memory:<*>, vCores:<*>","Recalculating schedule, headroom=<memory:<*>, vCores:<*>"
"Recalculating schedule, headroom=< memory:0, vCores:-27>","Recalculating schedule, headroom=<*> memory:<*>, vCores:<*>","Recalculating schedule, headroom=<memory:<*>, vCores:<*>"
"Recalculating schedule, headroom=< memory:0, vCores:-27>","Recalculating schedule, headroom=<*> memory:<*>, vCores:<*>","Recalculating schedule, headroom=<memory:<*>, vCores:<*>"
"Recalculating schedule, headroom=< memory:0, vCores:-27>","Recalculating schedule, headroom=<*> memory:<*>, vCores:<*>","Recalculating schedule, headroom=<memory:<*>, vCores:<*>"
"Recalculating schedule, headroom=< memory:0, vCores:-27>","Recalculating schedule, headroom=<*> memory:<*>, vCores:<*>","Recalculating schedule, headroom=<memory:<*>, vCores:<*>"
"Recalculating schedule, headroom=< memory:0, vCores:-27>","Recalculating schedule, headroom=<*> memory:<*>, vCores:<*>","Recalculating schedule, headroom=<memory:<*>, vCores:<*>"
"Recalculating schedule, headroom=< memory:0, vCores:-27>","Recalculating schedule, headroom=<*> memory:<*>, vCores:<*>","Recalculating schedule, headroom=<memory:<*>, vCores:<*>"
"Recalculating schedule, headroom=< memory:0, vCores:-27>","Recalculating schedule, headroom=<*> memory:<*>, vCores:<*>","Recalculating schedule, headroom=<memory:<*>, vCores:<*>"
"Recalculating schedule, headroom=< memory:0, vCores:-27>","Recalculating schedule, headroom=<*> memory:<*>, vCores:<*>","Recalculating schedule, headroom=<memory:<*>, vCores:<*>"
"Recalculating schedule, headroom=< memory:0, vCores:-27>","Recalculating schedule, headroom=<*> memory:<*>, vCores:<*>","Recalculating schedule, headroom=<memory:<*>, vCores:<*>"
"Recalculating schedule, headroom=< memory:0, vCores:-27>","Recalculating schedule, headroom=<*> memory:<*>, vCores:<*>","Recalculating schedule, headroom=<memory:<*>, vCores:<*>"
"Recalculating schedule, headroom=< memory:0, vCores:-27>","Recalculating schedule, headroom=<*> memory:<*>, vCores:<*>","Recalculating schedule, headroom=<memory:<*>, vCores:<*>"
"Recalculating schedule, headroom=< memory:0, vCores:-27>","Recalculating schedule, headroom=<*> memory:<*>, vCores:<*>","Recalculating schedule, headroom=<memory:<*>, vCores:<*>"
"Recalculating schedule, headroom=< memory:0, vCores:-27>","Recalculating schedule, headroom=<*> memory:<*>, vCores:<*>","Recalculating schedule, headroom=<memory:<*>, vCores:<*>"
"Recalculating schedule, headroom=< memory:0, vCores:-27>","Recalculating schedule, headroom=<*> memory:<*>, vCores:<*>","Recalculating schedule, headroom=<memory:<*>, vCores:<*>"
"Recalculating schedule, headroom=< memory:0, vCores:-27>","Recalculating schedule, headroom=<*> memory:<*>, vCores:<*>","Recalculating schedule, headroom=<memory:<*>, vCores:<*>"
"Recalculating schedule, headroom=< memory:0, vCores:-27>","Recalculating schedule, headroom=<*> memory:<*>, vCores:<*>","Recalculating schedule, headroom=<memory:<*>, vCores:<*>"
"Recalculating schedule, headroom=< memory:0, vCores:-27>","Recalculating schedule, headroom=<*> memory:<*>, vCores:<*>","Recalculating schedule, headroom=<memory:<*>, vCores:<*>"
"Recalculating schedule, headroom=< memory:0, vCores:-27>","Recalculating schedule, headroom=<*> memory:<*>, vCores:<*>","Recalculating schedule, headroom=<memory:<*>, vCores:<*>"
"Recalculating schedule, headroom=< memory:0, vCores:-27>","Recalculating schedule, headroom=<*> memory:<*>, vCores:<*>","Recalculating schedule, headroom=<memory:<*>, vCores:<*>"
"Recalculating schedule, headroom=< memory:0, vCores:-27>","Recalculating schedule, headroom=<*> memory:<*>, vCores:<*>","Recalculating schedule, headroom=<memory:<*>, vCores:<*>"
"Recalculating schedule, headroom=< memory:0, vCores:-27>","Recalculating schedule, headroom=<*> memory:<*>, vCores:<*>","Recalculating schedule, headroom=<memory:<*>, vCores:<*>"
"Recalculating schedule, headroom=< memory:0, vCores:-27>","Recalculating schedule, headroom=<*> memory:<*>, vCores:<*>","Recalculating schedule, headroom=<memory:<*>, vCores:<*>"
"Recalculating schedule, headroom=< memory:0, vCores:-27>","Recalculating schedule, headroom=<*> memory:<*>, vCores:<*>","Recalculating schedule, headroom=<memory:<*>, vCores:<*>"
"Recalculating schedule, headroom=< memory:0, vCores:-27>","Recalculating schedule, headroom=<*> memory:<*>, vCores:<*>","Recalculating schedule, headroom=<memory:<*>, vCores:<*>"
"Recalculating schedule, headroom=< memory:0, vCores:-27>","Recalculating schedule, headroom=<*> memory:<*>, vCores:<*>","Recalculating schedule, headroom=<memory:<*>, vCores:<*>"
"Recalculating schedule, headroom=< memory:0, vCores:-27>","Recalculating schedule, headroom=<*> memory:<*>, vCores:<*>","Recalculating schedule, headroom=<memory:<*>, vCores:<*>"
"Recalculating schedule, headroom=< memory:0, vCores:-27>","Recalculating schedule, headroom=<*> memory:<*>, vCores:<*>","Recalculating schedule, headroom=<memory:<*>, vCores:<*>"
"Recalculating schedule, headroom=< memory:0, vCores:-27>","Recalculating schedule, headroom=<*> memory:<*>, vCores:<*>","Recalculating schedule, headroom=<memory:<*>, vCores:<*>"
"Recalculating schedule, headroom=< memory:0, vCores:-27>","Recalculating schedule, headroom=<*> memory:<*>, vCores:<*>","Recalculating schedule, headroom=<memory:<*>, vCores:<*>"
"Recalculating schedule, headroom=< memory:0, vCores:-27>","Recalculating schedule, headroom=<*> memory:<*>, vCores:<*>","Recalculating schedule, headroom=<memory:<*>, vCores:<*>"
"Recalculating schedule, headroom=< memory:0, vCores:-27>","Recalculating schedule, headroom=<*> memory:<*>, vCores:<*>","Recalculating schedule, headroom=<memory:<*>, vCores:<*>"
"Recalculating schedule, headroom=< memory:0, vCores:-27>","Recalculating schedule, headroom=<*> memory:<*>, vCores:<*>","Recalculating schedule, headroom=<memory:<*>, vCores:<*>"
"Recalculating schedule, headroom=< memory:0, vCores:-27>","Recalculating schedule, headroom=<*> memory:<*>, vCores:<*>","Recalculating schedule, headroom=<memory:<*>, vCores:<*>"
"Recalculating schedule, headroom=< memory:0, vCores:-27>","Recalculating schedule, headroom=<*> memory:<*>, vCores:<*>","Recalculating schedule, headroom=<memory:<*>, vCores:<*>"
"Recalculating schedule, headroom=< memory:0, vCores:-27>","Recalculating schedule, headroom=<*> memory:<*>, vCores:<*>","Recalculating schedule, headroom=<memory:<*>, vCores:<*>"
"Recalculating schedule, headroom=< memory:0, vCores:-27>","Recalculating schedule, headroom=<*> memory:<*>, vCores:<*>","Recalculating schedule, headroom=<memory:<*>, vCores:<*>"
"Recalculating schedule, headroom=< memory:0, vCores:-27>","Recalculating schedule, headroom=<*> memory:<*>, vCores:<*>","Recalculating schedule, headroom=<memory:<*>, vCores:<*>"
"Recalculating schedule, headroom=< memory:0, vCores:-27>","Recalculating schedule, headroom=<*> memory:<*>, vCores:<*>","Recalculating schedule, headroom=<memory:<*>, vCores:<*>"
"Recalculating schedule, headroom=< memory:0, vCores:-27>","Recalculating schedule, headroom=<*> memory:<*>, vCores:<*>","Recalculating schedule, headroom=<memory:<*>, vCores:<*>"
"Recalculating schedule, headroom=< memory:0, vCores:-27>","Recalculating schedule, headroom=<*> memory:<*>, vCores:<*>","Recalculating schedule, headroom=<memory:<*>, vCores:<*>"
"Recalculating schedule, headroom=< memory:0, vCores:-27>","Recalculating schedule, headroom=<*> memory:<*>, vCores:<*>","Recalculating schedule, headroom=<memory:<*>, vCores:<*>"
"Recalculating schedule, headroom=< memory:0, vCores:-27>","Recalculating schedule, headroom=<*> memory:<*>, vCores:<*>","Recalculating schedule, headroom=<memory:<*>, vCores:<*>"
"Recalculating schedule, headroom=< memory:0, vCores:-27>","Recalculating schedule, headroom=<*> memory:<*>, vCores:<*>","Recalculating schedule, headroom=<memory:<*>, vCores:<*>"
"Recalculating schedule, headroom=< memory:0, vCores:-27>","Recalculating schedule, headroom=<*> memory:<*>, vCores:<*>","Recalculating schedule, headroom=<memory:<*>, vCores:<*>"
"Recalculating schedule, headroom=< memory:0, vCores:-27>","Recalculating schedule, headroom=<*> memory:<*>, vCores:<*>","Recalculating schedule, headroom=<memory:<*>, vCores:<*>"
"Recalculating schedule, headroom=< memory:0, vCores:-27>","Recalculating schedule, headroom=<*> memory:<*>, vCores:<*>","Recalculating schedule, headroom=<memory:<*>, vCores:<*>"
"getResources() for application_1445144423722_0020: ask=4 release= 0 newContainers=1 finishedContainers=0 resourcelimit=< memory:0, vCores:-27> knownNMs=4","getResources() for <*> : ask=<*> release= <*> newContainers=<*> finishedContainers=<*> resourcelimit=<*> memory:<*>, vCores:<*> knownNMs=<*>","getResources() for <*>: ask=<*> release= <*> newContainers=<*> finishedContainers=<*> resourcelimit=<memory:<*>, vCores:<*> knownNMs=<*>"
"Recalculating schedule, headroom=< memory:0, vCores:-27>","Recalculating schedule, headroom=<*> memory:<*>, vCores:<*>","Recalculating schedule, headroom=<memory:<*>, vCores:<*>"
"getResources() for application_1445144423722_0020: ask=4 release= 0 newContainers=0 finishedContainers=0 resourcelimit=< memory:0, vCores:-27> knownNMs=4","getResources() for <*> : ask=<*> release= <*> newContainers=<*> finishedContainers=<*> resourcelimit=<*> memory:<*>, vCores:<*> knownNMs=<*>","getResources() for <*>: ask=<*> release= <*> newContainers=<*> finishedContainers=<*> resourcelimit=<memory:<*>, vCores:<*> knownNMs=<*>"
"Recalculating schedule, headroom=< memory:0, vCores:-27>","Recalculating schedule, headroom=<*> memory:<*>, vCores:<*>","Recalculating schedule, headroom=<memory:<*>, vCores:<*>"
"Recalculating schedule, headroom=< memory:0, vCores:-27>","Recalculating schedule, headroom=<*> memory:<*>, vCores:<*>","Recalculating schedule, headroom=<memory:<*>, vCores:<*>"
"Recalculating schedule, headroom=< memory:0, vCores:-27>","Recalculating schedule, headroom=<*> memory:<*>, vCores:<*>","Recalculating schedule, headroom=<memory:<*>, vCores:<*>"
"Recalculating schedule, headroom=< memory:0, vCores:-27>","Recalculating schedule, headroom=<*> memory:<*>, vCores:<*>","Recalculating schedule, headroom=<memory:<*>, vCores:<*>"
"Recalculating schedule, headroom=< memory:0, vCores:-27>","Recalculating schedule, headroom=<*> memory:<*>, vCores:<*>","Recalculating schedule, headroom=<memory:<*>, vCores:<*>"
"Recalculating schedule, headroom=< memory:0, vCores:-27>","Recalculating schedule, headroom=<*> memory:<*>, vCores:<*>","Recalculating schedule, headroom=<memory:<*>, vCores:<*>"
"Recalculating schedule, headroom=< memory:0, vCores:-27>","Recalculating schedule, headroom=<*> memory:<*>, vCores:<*>","Recalculating schedule, headroom=<memory:<*>, vCores:<*>"
"Recalculating schedule, headroom=< memory:0, vCores:-27>","Recalculating schedule, headroom=<*> memory:<*>, vCores:<*>","Recalculating schedule, headroom=<memory:<*>, vCores:<*>"
"getResources() for application_1445144423722_0020: ask=4 release= 0 newContainers=0 finishedContainers=0 resourcelimit=< memory:0, vCores:-27> knownNMs=4","getResources() for <*> : ask=<*> release= <*> newContainers=<*> finishedContainers=<*> resourcelimit=<*> memory:<*>, vCores:<*> knownNMs=<*>","getResources() for <*>: ask=<*> release= <*> newContainers=<*> finishedContainers=<*> resourcelimit=<memory:<*>, vCores:<*> knownNMs=<*>"
"Recalculating schedule, headroom=< memory:0, vCores:-27>","Recalculating schedule, headroom=<*> memory:<*>, vCores:<*>","Recalculating schedule, headroom=<memory:<*>, vCores:<*>"
"Recalculating schedule, headroom=< memory:0, vCores:-27>","Recalculating schedule, headroom=<*> memory:<*>, vCores:<*>","Recalculating schedule, headroom=<memory:<*>, vCores:<*>"
"Recalculating schedule, headroom=< memory:0, vCores:-27>","Recalculating schedule, headroom=<*> memory:<*>, vCores:<*>","Recalculating schedule, headroom=<memory:<*>, vCores:<*>"
"getResources() for application_1445144423722_0020: ask=4 release= 0 newContainers=1 finishedContainers=0 resourcelimit=< memory:0, vCores:-27> knownNMs=4","getResources() for <*> : ask=<*> release= <*> newContainers=<*> finishedContainers=<*> resourcelimit=<*> memory:<*>, vCores:<*> knownNMs=<*>","getResources() for <*>: ask=<*> release= <*> newContainers=<*> finishedContainers=<*> resourcelimit=<memory:<*>, vCores:<*> knownNMs=<*>"
"Recalculating schedule, headroom=< memory:0, vCores:-27>","Recalculating schedule, headroom=<*> memory:<*>, vCores:<*>","Recalculating schedule, headroom=<memory:<*>, vCores:<*>"
"getResources() for application_1445144423722_0020: ask=4 release= 0 newContainers=1 finishedContainers=0 resourcelimit=< memory:0, vCores:-27> knownNMs=4","getResources() for <*> : ask=<*> release= <*> newContainers=<*> finishedContainers=<*> resourcelimit=<*> memory:<*>, vCores:<*> knownNMs=<*>","getResources() for <*>: ask=<*> release= <*> newContainers=<*> finishedContainers=<*> resourcelimit=<memory:<*>, vCores:<*> knownNMs=<*>"
"Cannot assign container Container: [ContainerId: container_1445144423722_0020_01_000012, NodeId: MSRA-SA-39.fareast.corp.microsoft.com:28345, NodeHttpAddress: MSRA-SA-39.fareast.corp.microsoft.com:8042, Resource: < memory:1024, vCores:1>, Priority: 20, Token: Token { kind: ContainerToken, service: 172.22.149.145:28345 }, ] for a map as either container memory less than required < memory:1024, vCores:1> or no pending map tasks - maps.isEmpty=true","Cannot assign container Container: [<*> :<*>, NodeId: <*> :<*>, Resource: <*> memory:<*>, vCores:<*>, Priority:<*> :<*>, Service: <*> :<*>, ] for a map as either container memory less than required <*> memory:<*>, vCores:<*> or no pending map tasks - maps.isEmpty=<*>","Cannot assign container Container: [ContainerId: <*>, NodeId: <*>:<*>, NodeHttpAddress: <*>:<*>, Resource: <memory:<*>, vCores:<*>, Priority: <*>, Token: Token { kind: ContainerToken, service: <*>:<*> }, ] for a map as either container memory less than required <memory:<*>, vCores:<*> or no pending map tasks - maps.isEmpty=<*>"
"Recalculating schedule, headroom=< memory:0, vCores:-27>","Recalculating schedule, headroom=<*> memory:<*>, vCores:<*>","Recalculating schedule, headroom=<memory:<*>, vCores:<*>"
"getResources() for application_1445144423722_0020: ask=0 release= 1 newContainers=0 finishedContainers=1 resourcelimit=< memory:1024, vCores:-26> knownNMs=4","getResources() for <*> : ask=<*> release= <*> newContainers=<*> finishedContainers=<*> resourcelimit=<*> memory:<*>, vCores:<*> knownNMs=<*>","getResources() for <*>: ask=<*> release= <*> newContainers=<*> finishedContainers=<*> resourcelimit=<memory:<*>, vCores:<*> knownNMs=<*>"
"Recalculating schedule, headroom=< memory:1024, vCores:-26>","Recalculating schedule, headroom=<*> memory:<*>, vCores:<*>","Recalculating schedule, headroom=<memory:<*>, vCores:<*>"
"Recalculating schedule, headroom=< memory:0, vCores:-27>","Recalculating schedule, headroom=<*> memory:<*>, vCores:<*>","Recalculating schedule, headroom=<memory:<*>, vCores:<*>"
"Recalculating schedule, headroom=< memory:0, vCores:-27>","Recalculating schedule, headroom=<*> memory:<*>, vCores:<*>","Recalculating schedule, headroom=<memory:<*>, vCores:<*>"
"getResources() for application_1445144423722_0020: ask=5 release= 0 newContainers=0 finishedContainers=1 resourcelimit=< memory:0, vCores:-27> knownNMs=4","getResources() for <*> : ask=<*> release= <*> newContainers=<*> finishedContainers=<*> resourcelimit=<*> memory:<*>, vCores:<*> knownNMs=<*>","getResources() for <*>: ask=<*> release= <*> newContainers=<*> finishedContainers=<*> resourcelimit=<memory:<*>, vCores:<*> knownNMs=<*>"
"Slow ReadProcessor read fields took 65020ms (threshold=30000ms); ack: seqno: -2 status: SUCCESS status: ERROR downstreamAckTimeNanos: 0, targets: [10.86.169.121:50010, 10.190.173.170:50010]",Slow ReadProcessor read fields took <*> : <*> ],"Slow ReadProcessor read fields took <*> (threshold=<*>); ack: seqno: <*> status: SUCCESS status: ERROR downstreamAckTimeNanos: <*>, targets: [<*>:<*>, <*>:<*>]"
DFSOutputStream ResponseProcessor exception for block BP-1347369012-10.190.173.170-1444972147527:blk_1073743512_2731,DFSOutputStream ResponseProcessor exception for block <*> :<*>,DFSOutputStream ResponseProcessor exception for block BP-<*>:<*>
"Error Recovery for block BP-1347369012-10.190.173.170-1444972147527:blk_1073743512_2731 in pipeline 10.86.169.121:50010, 10.190.173.170:50010: bad datanode 10.190.173.170:50010",Error Recovery for block BP-1347369012 <*> :<*> in pipeline <*> :<*> :<*> bad datanode <*>,"Error Recovery for block BP-<*>:<*> in pipeline <*>:<*>, <*>:<*>: bad datanode <*>:<*>"
Failed to renew lease for [DFSClient_NONMAPREDUCE_1537864556_1] for 60 seconds. Will retry shortly...,Failed to renew lease for [<*> ] for 60 seconds. Will retry shortly...,Failed to renew lease for [<*>] for <*> seconds. Will retry shortly ...
Opening proxy : MININT-FNANLI5.fareast.corp.microsoft.com:52368,Opening proxy : MININT-<*> :<*>,Opening proxy : <*>:<*>
"Thread Thread[eventHandlingThread,5,main] threw an Exception.","Thread Thread[optionHandlingThread,<*> ] threw an Exception.","Thread Thread[eventHandlingThread,<*>,main] threw an Exception."
Opening proxy : MININT-FNANLI5.fareast.corp.microsoft.com:52368,Opening proxy : MININT-<*> :<*>,Opening proxy : <*>:<*>
2 failures on node MININT-FNANLI5.fareast.corp.microsoft.com,2 failures on node MININT-<*>,<*> failures on node MININT-<*>
