getTodayTotalDetailSteps = 1514038440000##6993##548365##8661##12266##27164404,getTodayTotalDetailSteps = <*> ##<*> ##<*> ##<*> ##<*>,getTodayTotalDetailSteps = <*>##<*>##<*>##<*>##<*>##<*>
REPORT : 7007 5002 150089 240,REPORT : <*> <*> <*>,REPORT : <*> <*> <*> <*>
getTodayTotalDetailSteps = 1514038440000##7007##548365##8661##12361##27173954,getTodayTotalDetailSteps = <*> ##<*> ##<*> ##<*> ##<*>,getTodayTotalDetailSteps = <*>##<*>##<*>##<*>##<*>##<*>
REPORT : 7008 5003 150111 240,REPORT : <*> <*> <*>,REPORT : <*> <*> <*> <*>
getTodayTotalDetailSteps = 1514038440000##7008##548365##8661##12456##27174269,getTodayTotalDetailSteps = <*> ##<*> ##<*> ##<*> ##<*>,getTodayTotalDetailSteps = <*>##<*>##<*>##<*>##<*>##<*>
getTodayTotalDetailSteps = 1514038440000##7009##548365##8661##12551##27174951,getTodayTotalDetailSteps = <*> ##<*> ##<*> ##<*> ##<*>,getTodayTotalDetailSteps = <*>##<*>##<*>##<*>##<*>##<*>
getTodayTotalDetailSteps = 1514038440000##7011##548365##8661##12646##27175461,getTodayTotalDetailSteps = <*> ##<*> ##<*> ##<*> ##<*>,getTodayTotalDetailSteps = <*>##<*>##<*>##<*>##<*>##<*>
getTodayTotalDetailSteps = 1514038440000##7012##548365##8661##12741##27176464,getTodayTotalDetailSteps = <*> ##<*> ##<*> ##<*> ##<*>,getTodayTotalDetailSteps = <*>##<*>##<*>##<*>##<*>##<*>
getTodayTotalDetailSteps = 1514038440000##7013##548365##8661##12836##27176966,getTodayTotalDetailSteps = <*> ##<*> ##<*> ##<*> ##<*>,getTodayTotalDetailSteps = <*>##<*>##<*>##<*>##<*>##<*>
getTodayTotalDetailSteps = 1514038440000##7014##548365##8661##12931##27177463,getTodayTotalDetailSteps = <*> ##<*> ##<*> ##<*> ##<*>,getTodayTotalDetailSteps = <*>##<*>##<*>##<*>##<*>##<*>
getTodayTotalDetailSteps = 1514038440000##7015##548365##8661##13026##27177962,getTodayTotalDetailSteps = <*> ##<*> ##<*> ##<*> ##<*>,getTodayTotalDetailSteps = <*>##<*>##<*>##<*>##<*>##<*>
getTodayTotalDetailSteps = 1514038440000##7017##548365##8661##13121##27179330,getTodayTotalDetailSteps = <*> ##<*> ##<*> ##<*> ##<*>,getTodayTotalDetailSteps = <*>##<*>##<*>##<*>##<*>##<*>
getTodayTotalDetailSteps = 1514038440000##7017##548365##8661##13216##27179417,getTodayTotalDetailSteps = <*> ##<*> ##<*> ##<*> ##<*>,getTodayTotalDetailSteps = <*>##<*>##<*>##<*>##<*>##<*>
getTodayTotalDetailSteps = 1514038440000##7018##548365##8661##13311##27179732,getTodayTotalDetailSteps = <*> ##<*> ##<*> ##<*> ##<*>,getTodayTotalDetailSteps = <*>##<*>##<*>##<*>##<*>##<*>
getTodayTotalDetailSteps = 1514038440000##7019##548365##8661##13406##27180468,getTodayTotalDetailSteps = <*> ##<*> ##<*> ##<*> ##<*>,getTodayTotalDetailSteps = <*>##<*>##<*>##<*>##<*>##<*>
getTodayTotalDetailSteps = 1514038440000##7020##548365##8661##13501##27180976,getTodayTotalDetailSteps = <*> ##<*> ##<*> ##<*> ##<*>,getTodayTotalDetailSteps = <*>##<*>##<*>##<*>##<*>##<*>
getTodayTotalDetailSteps = 1514038440000##7021##548365##8661##13596##27181971,getTodayTotalDetailSteps = <*> ##<*> ##<*> ##<*> ##<*>,getTodayTotalDetailSteps = <*>##<*>##<*>##<*>##<*>##<*>
getTodayTotalDetailSteps = 1514038440000##7022##548365##8661##13691##27182468,getTodayTotalDetailSteps = <*> ##<*> ##<*> ##<*> ##<*>,getTodayTotalDetailSteps = <*>##<*>##<*>##<*>##<*>##<*>
getTodayTotalDetailSteps = 1514038440000##7023##548365##8661##13786##27182973,getTodayTotalDetailSteps = <*> ##<*> ##<*> ##<*> ##<*>,getTodayTotalDetailSteps = <*>##<*>##<*>##<*>##<*>##<*>
getTodayTotalDetailSteps = 1514038440000##7024##548365##8661##13881##27183469,getTodayTotalDetailSteps = <*> ##<*> ##<*> ##<*> ##<*>,getTodayTotalDetailSteps = <*>##<*>##<*>##<*>##<*>##<*>
getTodayTotalDetailSteps = 1514038440000##7025##548365##8661##13976##27183974,getTodayTotalDetailSteps = <*> ##<*> ##<*> ##<*> ##<*>,getTodayTotalDetailSteps = <*>##<*>##<*>##<*>##<*>##<*>
getTodayTotalDetailSteps = 1514038440000##7026##548365##8661##14071##27184972,getTodayTotalDetailSteps = <*> ##<*> ##<*> ##<*> ##<*>,getTodayTotalDetailSteps = <*>##<*>##<*>##<*>##<*>##<*>
getTodayTotalDetailSteps = 1514038440000##7027##548365##8661##14166##27185467,getTodayTotalDetailSteps = <*> ##<*> ##<*> ##<*> ##<*>,getTodayTotalDetailSteps = <*>##<*>##<*>##<*>##<*>##<*>
getTodayTotalDetailSteps = 1514038440000##7028##548365##8661##14261##27185977,getTodayTotalDetailSteps = <*> ##<*> ##<*> ##<*> ##<*>,getTodayTotalDetailSteps = <*>##<*>##<*>##<*>##<*>##<*>
getTodayTotalDetailSteps = 1514038440000##7029##548365##8661##14356##27186469,getTodayTotalDetailSteps = <*> ##<*> ##<*> ##<*> ##<*>,getTodayTotalDetailSteps = <*>##<*>##<*>##<*>##<*>##<*>
getTodayTotalDetailSteps = 1514038440000##7030##548365##8661##14451##27187468,getTodayTotalDetailSteps = <*> ##<*> ##<*> ##<*> ##<*>,getTodayTotalDetailSteps = <*>##<*>##<*>##<*>##<*>##<*>
getTodayTotalDetailSteps = 1514038440000##7031##548365##8661##14546##27187968,getTodayTotalDetailSteps = <*> ##<*> ##<*> ##<*>,getTodayTotalDetailSteps = <*>##<*>##<*>##<*>##<*>##<*>
getTodayTotalDetailSteps = 1514038440000##7032##548365##8661##14641##27188471,getTodayTotalDetailSteps = <*> ##<*> ##<*> ##<*> ##<*>,getTodayTotalDetailSteps = <*>##<*>##<*>##<*>##<*>##<*>
getTodayTotalDetailSteps = 1514038440000##7033##548365##8661##14736##27189469,getTodayTotalDetailSteps = <*> ##<*> ##<*> ##<*> ##<*>,getTodayTotalDetailSteps = <*>##<*>##<*>##<*>##<*>##<*>
getTodayTotalDetailSteps = 1514038440000##7034##548365##8661##14831##27189969,getTodayTotalDetailSteps = <*> ##<*> ##<*> ##<*>,getTodayTotalDetailSteps = <*>##<*>##<*>##<*>##<*>##<*>
getTodayTotalDetailSteps = 1514038440000##7035##548365##8661##14926##27190469,getTodayTotalDetailSteps = <*> ##<*> ##<*> ##<*> ##<*>,getTodayTotalDetailSteps = <*>##<*>##<*>##<*>##<*>##<*>
getTodayTotalDetailSteps = 1514038440000##7036##548365##8661##15021##27190970,getTodayTotalDetailSteps = <*> ##<*> ##<*> ##<*> ##<*>,getTodayTotalDetailSteps = <*>##<*>##<*>##<*>##<*>##<*>
getTodayTotalDetailSteps = 1514038440000##7037##548365##8661##15116##27191969,getTodayTotalDetailSteps = <*> ##<*> ##<*> ##<*>,getTodayTotalDetailSteps = <*>##<*>##<*>##<*>##<*>##<*>
getTodayTotalDetailSteps = 1514038440000##7038##548365##8661##15211##27192478,getTodayTotalDetailSteps = <*> ##<*> ##<*> ##<*> ##<*>,getTodayTotalDetailSteps = <*>##<*>##<*>##<*>##<*>##<*>
getTodayTotalDetailSteps = 1514038440000##7039##548365##8661##15306##27192971,getTodayTotalDetailSteps = <*> ##<*> ##<*> ##<*> ##<*>,getTodayTotalDetailSteps = <*>##<*>##<*>##<*>##<*>##<*>
getTodayTotalDetailSteps = 1514038440000##7040##548365##8661##15401##27193971,getTodayTotalDetailSteps = <*> ##<*> ##<*> ##<*> ##<*>,getTodayTotalDetailSteps = <*>##<*>##<*>##<*>##<*>##<*>
getTodayTotalDetailSteps = 1514038440000##7041##548365##8661##15496##27194480,getTodayTotalDetailSteps = <*> ##<*> ##<*> ##<*> ##<*>,getTodayTotalDetailSteps = <*>##<*>##<*>##<*>##<*>##<*>
getTodayTotalDetailSteps = 1514038440000##7042##548365##8661##15591##27195470,getTodayTotalDetailSteps = <*> ##<*> ##<*> ##<*> ##<*>,getTodayTotalDetailSteps = <*>##<*>##<*>##<*>##<*>##<*>
getTodayTotalDetailSteps = 1514038440000##7044##548365##8661##15686##27196480,getTodayTotalDetailSteps = <*> ##<*> ##<*> ##<*> ##<*>,getTodayTotalDetailSteps = <*>##<*>##<*>##<*>##<*>##<*>
getTodayTotalDetailSteps = 1514038440000##7045##548365##8661##15781##27196970,getTodayTotalDetailSteps = <*> ##<*> ##<*> ##<*> ##<*>,getTodayTotalDetailSteps = <*>##<*>##<*>##<*>##<*>##<*>
getTodayTotalDetailSteps = 1514038440000##7047##548365##8661##15876##27197972,getTodayTotalDetailSteps = <*> ##<*> ##<*> ##<*> ##<*>,getTodayTotalDetailSteps = <*>##<*>##<*>##<*>##<*>##<*>
getTodayTotalDetailSteps = 1514038440000##7048##548365##8661##15971##27198970,getTodayTotalDetailSteps = <*> ##<*> ##<*> ##<*> ##<*>,getTodayTotalDetailSteps = <*>##<*>##<*>##<*>##<*>##<*>
getTodayTotalDetailSteps = 1514038440000##7050##548365##8661##16066##27199969,getTodayTotalDetailSteps = <*> ##<*> ##<*> ##<*>,getTodayTotalDetailSteps = <*>##<*>##<*>##<*>##<*>##<*>
getTodayTotalDetailSteps = 1514038440000##7052##548365##8661##16161##27200470,getTodayTotalDetailSteps = <*> ##<*> ##<*> ##<*> ##<*>,getTodayTotalDetailSteps = <*>##<*>##<*>##<*>##<*>##<*>
getTodayTotalDetailSteps = 1514038440000##7053##548365##8661##16256##27202475,getTodayTotalDetailSteps = <*> ##<*> ##<*> ##<*> ##<*>,getTodayTotalDetailSteps = <*>##<*>##<*>##<*>##<*>##<*>
getTodayTotalDetailSteps = 1514038500000##7054##548458##8661##16256##27204469,getTodayTotalDetailSteps = <*> ##<*> ##<*> ##<*> ##<*>,getTodayTotalDetailSteps = <*>##<*>##<*>##<*>##<*>##<*>
getTodayTotalDetailSteps = 1514038500000##7054##548551##8661##16256##27205469,getTodayTotalDetailSteps = <*> ##<*> ##<*> ##<*> ##<*>,getTodayTotalDetailSteps = <*>##<*>##<*>##<*>##<*>##<*>
getTodayTotalDetailSteps = 1514038560000##7054##548552##8661##16256##27283470,getTodayTotalDetailSteps = <*> ##<*> ##<*> ##<*> ##<*>,getTodayTotalDetailSteps = <*>##<*>##<*>##<*>##<*>##<*>
getTodayTotalDetailSteps = 1514038560000##7058##548554##8661##16256##27285475,getTodayTotalDetailSteps = <*> ##<*> ##<*> ##<*> ##<*>,getTodayTotalDetailSteps = <*>##<*>##<*>##<*>##<*>##<*>
getTodayTotalDetailSteps = 1514038560000##7060##548555##8661##16256##27285968,getTodayTotalDetailSteps = <*> ##<*> ##<*> ##<*> ##<*>,getTodayTotalDetailSteps = <*>##<*>##<*>##<*>##<*>##<*>
getTodayTotalDetailSteps = 1514038560000##7062##548556##8661##16256##27286470,getTodayTotalDetailSteps = <*> ##<*> ##<*> ##<*> ##<*>,getTodayTotalDetailSteps = <*>##<*>##<*>##<*>##<*>##<*>
getTodayTotalDetailSteps = 1514038560000##7066##548558##8661##16256##27287469,getTodayTotalDetailSteps = <*> ##<*> ##<*> ##<*> ##<*>,getTodayTotalDetailSteps = <*>##<*>##<*>##<*>##<*>##<*>
getTodayTotalDetailSteps = 1514038560000##7070##548560##8661##16256##27288471,getTodayTotalDetailSteps = <*> ##<*> ##<*> ##<*> ##<*>,getTodayTotalDetailSteps = <*>##<*>##<*>##<*>##<*>##<*>
getTodayTotalDetailSteps = 1514038560000##7071##548561##8661##16256##27288973,getTodayTotalDetailSteps = <*> ##<*> ##<*> ##<*> ##<*>,getTodayTotalDetailSteps = <*>##<*>##<*>##<*>##<*>##<*>
getTodayTotalDetailSteps = 1514038560000##7074##548562##8661##16256##27289470,getTodayTotalDetailSteps = <*> ##<*> ##<*> ##<*> ##<*>,getTodayTotalDetailSteps = <*>##<*>##<*>##<*>##<*>##<*>
getTodayTotalDetailSteps = 1514038560000##7074##548563##8661##16256##27292475,getTodayTotalDetailSteps = <*> ##<*> ##<*> ##<*> ##<*>,getTodayTotalDetailSteps = <*>##<*>##<*>##<*>##<*>##<*>
getTodayTotalDetailSteps = 1514038560000##7075##548564##8661##16256##27309470,getTodayTotalDetailSteps = <*> ##<*> ##<*> ##<*> ##<*>,getTodayTotalDetailSteps = <*>##<*>##<*>##<*>##<*>##<*>
getTodayTotalDetailSteps = 1514038560000##7077##548565##8661##16256##27309969,getTodayTotalDetailSteps = <*> ##<*> ##<*> ##<*> ##<*>,getTodayTotalDetailSteps = <*>##<*>##<*>##<*>##<*>##<*>
getTodayTotalDetailSteps = 1514038560000##7079##548566##8661##16256##27310473,getTodayTotalDetailSteps = <*> ##<*> ##<*> ##<*> ##<*>,getTodayTotalDetailSteps = <*>##<*>##<*>##<*>##<*>##<*>
getTodayTotalDetailSteps = 1514038560000##7081##548567##8661##16256##27310970,getTodayTotalDetailSteps = <*> ##<*> ##<*> ##<*> ##<*>,getTodayTotalDetailSteps = <*>##<*>##<*>##<*>##<*>##<*>
getTodayTotalDetailSteps = 1514038560000##7083##548568##8661##16256##27311472,getTodayTotalDetailSteps = <*> ##<*> ##<*> ##<*> ##<*>,getTodayTotalDetailSteps = <*>##<*>##<*>##<*>##<*>##<*>
getTodayTotalDetailSteps = 1514038560000##7084##548569##8661##16256##27311970,getTodayTotalDetailSteps = <*> ##<*> ##<*> ##<*> ##<*>,getTodayTotalDetailSteps = <*>##<*>##<*>##<*>##<*>##<*>
getTodayTotalDetailSteps = 1514038560000##7088##548571##8661##16256##27312967,getTodayTotalDetailSteps = <*> ##<*> ##<*> ##<*> ##<*>,getTodayTotalDetailSteps = <*>##<*>##<*>##<*>##<*>##<*>
getTodayTotalDetailSteps = 1514038560000##7090##548572##8661##16256##27313468,getTodayTotalDetailSteps = <*> ##<*> ##<*> ##<*> ##<*>,getTodayTotalDetailSteps = <*>##<*>##<*>##<*>##<*>##<*>
getTodayTotalDetailSteps = 1514038560000##7092##548573##8661##16256##27313974,getTodayTotalDetailSteps = <*> ##<*> ##<*> ##<*> ##<*>,getTodayTotalDetailSteps = <*>##<*>##<*>##<*>##<*>##<*>
getTodayTotalDetailSteps = 1514038560000##7094##548574##8661##16256##27314468,getTodayTotalDetailSteps = <*> ##<*> ##<*> ##<*> ##<*>,getTodayTotalDetailSteps = <*>##<*>##<*>##<*>##<*>##<*>
getTodayTotalDetailSteps = 1514038560000##7095##548575##8661##16256##27314968,getTodayTotalDetailSteps = <*> ##<*> ##<*> ##<*> ##<*>,getTodayTotalDetailSteps = <*>##<*>##<*>##<*>##<*>##<*>
getTodayTotalDetailSteps = 1514038560000##7097##548576##8661##16256##27315469,getTodayTotalDetailSteps = <*> ##<*> ##<*> ##<*> ##<*>,getTodayTotalDetailSteps = <*>##<*>##<*>##<*>##<*>##<*>
getTodayTotalDetailSteps = 1514038560000##7101##548578##8661##16256##27316470,getTodayTotalDetailSteps = <*> ##<*> ##<*> ##<*> ##<*>,getTodayTotalDetailSteps = <*>##<*>##<*>##<*>##<*>##<*>
getTodayTotalDetailSteps = 1514038560000##7102##548579##8661##16256##27317468,getTodayTotalDetailSteps = <*> ##<*> ##<*> ##<*> ##<*>,getTodayTotalDetailSteps = <*>##<*>##<*>##<*>##<*>##<*>
getTodayTotalDetailSteps = 1514038560000##7103##548580##8661##16256##27318472,getTodayTotalDetailSteps = <*> ##<*> ##<*> ##<*> ##<*>,getTodayTotalDetailSteps = <*>##<*>##<*>##<*>##<*>##<*>
getTodayTotalDetailSteps = 1514038560000##7104##548581##8661##16256##27319473,getTodayTotalDetailSteps = <*> ##<*> ##<*> ##<*> ##<*>,getTodayTotalDetailSteps = <*>##<*>##<*>##<*>##<*>##<*>
getTodayTotalDetailSteps = 1514038560000##7105##548582##8661##16256##27319968,getTodayTotalDetailSteps = <*> ##<*> ##<*> ##<*>,getTodayTotalDetailSteps = <*>##<*>##<*>##<*>##<*>##<*>
getTodayTotalDetailSteps = 1514038560000##7106##548583##8661##16256##27320969,getTodayTotalDetailSteps = <*> ##<*> ##<*> ##<*> ##<*>,getTodayTotalDetailSteps = <*>##<*>##<*>##<*>##<*>##<*>
getTodayTotalDetailSteps = 1514038560000##7107##548584##8661##16256##27321969,getTodayTotalDetailSteps = <*> ##<*> ##<*> ##<*> ##<*>,getTodayTotalDetailSteps = <*>##<*>##<*>##<*>##<*>##<*>
getTodayTotalDetailSteps = 1514038560000##7109##548585##8661##16256##27322469,getTodayTotalDetailSteps = <*> ##<*> ##<*> ##<*> ##<*>,getTodayTotalDetailSteps = <*>##<*>##<*>##<*>##<*>##<*>
REPORT : 7111 5077 152317 240,REPORT : <*> <*> <*>,REPORT : <*> <*> <*> <*>
getTodayTotalDetailSteps = 1514038620000##7111##548640##8661##16256##27324478,getTodayTotalDetailSteps = <*> ##<*> ##<*> ##<*> ##<*>,getTodayTotalDetailSteps = <*>##<*>##<*>##<*>##<*>##<*>
getTodayTotalDetailSteps = 1514038620000##7112##548695##8661##16256##27325968,getTodayTotalDetailSteps = <*> ##<*> ##<*> ##<*> ##<*>,getTodayTotalDetailSteps = <*>##<*>##<*>##<*>##<*>##<*>
getTodayTotalDetailSteps = 1514038620000##7113##548750##8661##16256##27326969,getTodayTotalDetailSteps = <*> ##<*> ##<*> ##<*> ##<*>,getTodayTotalDetailSteps = <*>##<*>##<*>##<*>##<*>##<*>
getTodayTotalDetailSteps = 1514038620000##7114##548805##8661##16256##27329972,getTodayTotalDetailSteps = <*> ##<*> ##<*> ##<*> ##<*>,getTodayTotalDetailSteps = <*>##<*>##<*>##<*>##<*>##<*>
getTodayTotalDetailSteps = 1514038620000##7114##548860##8661##16256##27330470,getTodayTotalDetailSteps = <*> ##<*> ##<*> ##<*> ##<*>,getTodayTotalDetailSteps = <*>##<*>##<*>##<*>##<*>##<*>
getTodayTotalDetailSteps = 1514038680000##7117##548865##8661##16256##27392475,getTodayTotalDetailSteps = <*> ##<*> ##<*> ##<*> ##<*>,getTodayTotalDetailSteps = <*>##<*>##<*>##<*>##<*>##<*>
getTodayTotalDetailSteps = 1514038680000##7122##548870##8661##16256##27392978,getTodayTotalDetailSteps = <*> ##<*> ##<*> ##<*> ##<*>,getTodayTotalDetailSteps = <*>##<*>##<*>##<*>##<*>##<*>
getTodayTotalDetailSteps = 1514038680000##7126##548880##8661##16256##27393971,getTodayTotalDetailSteps = <*> ##<*> ##<*> ##<*> ##<*>,getTodayTotalDetailSteps = <*>##<*>##<*>##<*>##<*>##<*>
getTodayTotalDetailSteps = 1514038680000##7128##548885##8661##16256##27394469,getTodayTotalDetailSteps = <*> ##<*> ##<*> ##<*> ##<*>,getTodayTotalDetailSteps = <*>##<*>##<*>##<*>##<*>##<*>
REPORT : 7130 5090 152724 240,REPORT : <*> <*> <*>,REPORT : <*> <*> <*> <*>
getTodayTotalDetailSteps = 1514038680000##7130##548890##8661##16256##27394969,getTodayTotalDetailSteps = <*> ##<*> ##<*> ##<*> ##<*>,getTodayTotalDetailSteps = <*>##<*>##<*>##<*>##<*>##<*>
REPORT : 7132 5092 152767 240,REPORT : <*> <*> <*>,REPORT : <*> <*> <*> <*>
getTodayTotalDetailSteps = 1514038680000##7132##548895##8661##16256##27395468,getTodayTotalDetailSteps = <*> ##<*> ##<*> ##<*> ##<*>,getTodayTotalDetailSteps = <*>##<*>##<*>##<*>##<*>##<*>
getTodayTotalDetailSteps = 1514038680000##7135##548900##8661##16256##27395969,getTodayTotalDetailSteps = <*> ##<*> ##<*> ##<*> ##<*>,getTodayTotalDetailSteps = <*>##<*>##<*>##<*>##<*>##<*>
REPORT : 7139 5097 152917 240,REPORT : <*> <*> <*>,REPORT : <*> <*> <*> <*>
getTodayTotalDetailSteps = 1514038680000##7139##548905##8661##16256##27396473,getTodayTotalDetailSteps = <*> ##<*> ##<*> ##<*> ##<*>,getTodayTotalDetailSteps = <*>##<*>##<*>##<*>##<*>##<*>
REPORT : 7140 5097 152938 240,REPORT : <*> <*> <*>,REPORT : <*> <*> <*> <*>
getTodayTotalDetailSteps = 1514038680000##7140##548910##8661##16256##27396969,getTodayTotalDetailSteps = <*> ##<*> ##<*> ##<*> ##<*>,getTodayTotalDetailSteps = <*>##<*>##<*>##<*>##<*>##<*>
getTodayTotalDetailSteps = 1514038680000##7154##548915##8661##16256##27398975,getTodayTotalDetailSteps = <*> ##<*> ##<*> ##<*> ##<*>,getTodayTotalDetailSteps = <*>##<*>##<*>##<*>##<*>##<*>
getTodayTotalDetailSteps = 1514038680000##7154##548920##8661##16256##27400475,getTodayTotalDetailSteps = <*> ##<*> ##<*> ##<*> ##<*>,getTodayTotalDetailSteps = <*>##<*>##<*>##<*>##<*>##<*>
getTodayTotalDetailSteps = 1514038680000##7160##548925##8661##16256##27442097,getTodayTotalDetailSteps = <*> ##<*> ##<*> ##<*> ##<*>,getTodayTotalDetailSteps = <*>##<*>##<*>##<*>##<*>##<*>
Alarm uploadStaticsToDB totalSteps=7163Calories:153367Floor:240Distance:5112,"Alarm uploadStaticsToDB totalSteps=<*>,<*>,<*>,<*>,<*>,<*>",Alarm uploadStaticsToDB totalSteps=<*>:<*>:<*>:<*>
"upLoadOneMinuteDataToEngine time=25233975,0,93,0,20002","upLoadOneMinuteDataToEngine time=<*>,<*>,<*>,<*>","upLoadOneMinuteDataToEngine time=<*>,<*>,<*>,<*>,<*>"
"upLoadOneMinuteDataToEngine time=25233976,0,1,0,20002","upLoadOneMinuteDataToEngine time=<*>,<*>,<*>,<*>","upLoadOneMinuteDataToEngine time=<*>,<*>,<*>,<*>,<*>"
"insertHiHealthData() bulkSaveDetailHiHealthData fail errorCode = 4,errorMessage = ERR_DATA_INSERT","insertHiHealthData() bulkSaveDetailHiHealthData fail errorCode = <*>,errorMessage = <*>","insertHiHealthData() bulkSaveDetailHiHealthData fail errorCode = <*>,errorMessage = ERR_DATA_INSERT"
"startSync hiSyncOption = HiSyncOption{ syncAction=2, syncMethod=2, syncScope=0, syncDataType=20000, syncModel=2, pushAction=0},app = 1 who = 1","startSync hiSyncOption = HiSyncOption<*> syncAction=<*>, syncMethod=<*>, syncScope=<*>, syncDataType=<*>, syncModel=<*>, pushAction=<*><*>,app = <*> who = <*>","startSync hiSyncOption = HiSyncOption{syncAction=<*>, syncMethod=<*>, syncScope=<*>, syncDataType=<*>, syncModel=<*>, pushAction=<*>},app = <*> who = <*>"
InsertEvent success begin:25233975 end:25233979,"InsertEvent success begin:<*>,<*> end:<*>",InsertEvent success begin:<*> end:<*>
getTodayTotalDetailSteps = 1514038680000##7160##548930##8661##16256##27442416,getTodayTotalDetailSteps = <*> ##<*> ##<*> ##<*> ##<*>,getTodayTotalDetailSteps = <*>##<*>##<*>##<*>##<*>##<*>
"startSync hiSyncOption = HiSyncOption{ syncAction=2, syncMethod=2, syncScope=0, syncDataType=20000, syncModel=2, pushAction=0},app = 1 who = 1","startSync hiSyncOption = HiSyncOption<*> syncAction=<*>, syncMethod=<*>, syncScope=<*>, syncDataType=<*>, syncModel=<*>, pushAction=<*><*>,app = <*> who = <*>","startSync hiSyncOption = HiSyncOption{syncAction=<*>, syncMethod=<*>, syncScope=<*>, syncDataType=<*>, syncModel=<*>, pushAction=<*>},app = <*> who = <*>"
getTodayTotalDetailSteps = 1514038680000##7163##548935##8661##16256##27442827,getTodayTotalDetailSteps = <*> ##<*> ##<*> ##<*> ##<*>,getTodayTotalDetailSteps = <*>##<*>##<*>##<*>##<*>##<*>
getTodayTotalDetailSteps = 1514038680000##7165##548940##8661##16256##27443484,getTodayTotalDetailSteps = <*> ##<*> ##<*> ##<*> ##<*>,getTodayTotalDetailSteps = <*>##<*>##<*>##<*>##<*>##<*>
getTodayTotalDetailSteps = 1514038680000##7167##548945##8661##16256##27443986,getTodayTotalDetailSteps = <*> ##<*> ##<*> ##<*> ##<*>,getTodayTotalDetailSteps = <*>##<*>##<*>##<*>##<*>##<*>
getTodayTotalDetailSteps = 1514038740000##7170##548996##8661##16256##27444484,getTodayTotalDetailSteps = <*> ##<*> ##<*> ##<*> ##<*>,getTodayTotalDetailSteps = <*>##<*>##<*>##<*>##<*>##<*>
REPORT : 7174 5122 153667 240,REPORT : <*> <*> <*>,REPORT : <*> <*> <*> <*>
getTodayTotalDetailSteps = 1514038740000##7174##549098##8661##16256##27445485,getTodayTotalDetailSteps = <*> ##<*> ##<*> ##<*> ##<*>,getTodayTotalDetailSteps = <*>##<*>##<*>##<*>##<*>##<*>
REPORT : 7176 5123 153709 240,REPORT : <*> <*> <*>,REPORT : <*> <*> <*> <*>
getTodayTotalDetailSteps = 1514038740000##7176##549149##8661##16256##27445983,getTodayTotalDetailSteps = <*> ##<*> ##<*> ##<*> ##<*>,getTodayTotalDetailSteps = <*>##<*>##<*>##<*>##<*>##<*>
REPORT : 7179 5125 153774 240,REPORT : <*> <*> <*>,REPORT : <*> <*> <*> <*>
getTodayTotalDetailSteps = 1514038740000##7179##549200##8661##16256##27446483,getTodayTotalDetailSteps = <*> ##<*> ##<*> ##<*> ##<*>,getTodayTotalDetailSteps = <*>##<*>##<*>##<*>##<*>##<*>
getTodayTotalDetailSteps = 1514038740000##7181##549251##8661##16256##27446989,getTodayTotalDetailSteps = <*> ##<*> ##<*> ##<*>,getTodayTotalDetailSteps = <*>##<*>##<*>##<*>##<*>##<*>
getTodayTotalDetailSteps = 1514038740000##7183##549302##8661##16256##27447483,getTodayTotalDetailSteps = <*> ##<*> ##<*> ##<*> ##<*>,getTodayTotalDetailSteps = <*>##<*>##<*>##<*>##<*>##<*>
getTodayTotalDetailSteps = 1514038740000##7185##549353##8661##16256##27448486,getTodayTotalDetailSteps = <*> ##<*> ##<*> ##<*> ##<*>,getTodayTotalDetailSteps = <*>##<*>##<*>##<*>##<*>##<*>
getTodayTotalDetailSteps = 1514038740000##7186##549404##8661##16256##27448983,getTodayTotalDetailSteps = <*> ##<*> ##<*> ##<*> ##<*>,getTodayTotalDetailSteps = <*>##<*>##<*>##<*>##<*>##<*>
getTodayTotalDetailSteps = 1514038740000##7187##549455##8661##16256##27449982,getTodayTotalDetailSteps = <*> ##<*> ##<*> ##<*> ##<*>,getTodayTotalDetailSteps = <*>##<*>##<*>##<*>##<*>##<*>
getTodayTotalDetailSteps = 1514038740000##7188##549506##8661##16256##27451985,getTodayTotalDetailSteps = <*> ##<*> ##<*> ##<*> ##<*>,getTodayTotalDetailSteps = <*>##<*>##<*>##<*>##<*>##<*>
getTodayTotalDetailSteps = 1514038740000##7189##549557##8661##16256##27452491,getTodayTotalDetailSteps = <*> ##<*> ##<*> ##<*> ##<*>,getTodayTotalDetailSteps = <*>##<*>##<*>##<*>##<*>##<*>
getTodayTotalDetailSteps = 1514038740000##7189##549608##8661##16256##27457484,getTodayTotalDetailSteps = <*> ##<*> ##<*> ##<*> ##<*>,getTodayTotalDetailSteps = <*>##<*>##<*>##<*>##<*>##<*>
getTodayTotalDetailSteps = 1514038980000##7189##549659##8661##16256##27706526,getTodayTotalDetailSteps = <*> ##<*> ##<*> ##<*> ##<*>,getTodayTotalDetailSteps = <*>##<*>##<*>##<*>##<*>##<*>
getTodayTotalDetailSteps = 1514038980000##7189##549659##8661##16256##27706835,getTodayTotalDetailSteps = <*> ##<*> ##<*> ##<*> ##<*>,getTodayTotalDetailSteps = <*>##<*>##<*>##<*>##<*>##<*>
getTodayTotalDetailSteps = 1514039340000##7189##549659##8661##16256##28068346,getTodayTotalDetailSteps = <*> ##<*> ##<*> ##<*> ##<*>,getTodayTotalDetailSteps = <*>##<*>##<*>##<*>##<*>##<*>
getTodayTotalDetailSteps = 1514039340000##7189##549659##8661##16256##28068666,getTodayTotalDetailSteps = <*> ##<*> ##<*> ##<*> ##<*>,getTodayTotalDetailSteps = <*>##<*>##<*>##<*>##<*>##<*>
getTodayTotalDetailSteps = 1514039400000##7189##549659##8661##16256##28136544,getTodayTotalDetailSteps = <*> ##<*> ##<*> ##<*> ##<*>,getTodayTotalDetailSteps = <*>##<*>##<*>##<*>##<*>##<*>
getTodayTotalDetailSteps = 1514039400000##7189##549659##8661##16256##28163940,getTodayTotalDetailSteps = <*> ##<*> ##<*> ##<*> ##<*>,getTodayTotalDetailSteps = <*>##<*>##<*>##<*>##<*>##<*>
"startSync hiSyncOption = HiSyncOption{ syncAction=1, syncMethod=2, syncScope=0, syncDataType=20000, syncModel=2, pushAction=0},app = 1 who = 1","startSync hiSyncOption = HiSyncOption<*> syncAction=<*>, syncMethod=<*>, syncScope=<*>, syncDataType=<*>, syncModel=<*>, pushAction=<*><*>,app = <*> who = <*>","startSync hiSyncOption = HiSyncOption{syncAction=<*>, syncMethod=<*>, syncScope=<*>, syncDataType=<*>, syncModel=<*>, pushAction=<*>},app = <*> who = <*>"
getTodayTotalDetailSteps = 1514039400000##7189##549659##8661##16256##28164276,getTodayTotalDetailSteps = <*> ##<*> ##<*> ##<*> ##<*>,getTodayTotalDetailSteps = <*>##<*>##<*>##<*>##<*>##<*>
getTodayTotalDetailSteps = 1514039520000##7189##549659##8661##16256##28234547,getTodayTotalDetailSteps = <*> ##<*> ##<*> ##<*> ##<*>,getTodayTotalDetailSteps = <*>##<*>##<*>##<*>##<*>##<*>
getTodayTotalDetailSteps = 1514039520000##7189##549659##8661##16256##28270623,getTodayTotalDetailSteps = <*> ##<*> ##<*> ##<*> ##<*>,getTodayTotalDetailSteps = <*>##<*>##<*>##<*>##<*>##<*>
getTodayTotalDetailSteps = 1514039520000##7189##549659##8661##16256##28270935,getTodayTotalDetailSteps = <*> ##<*> ##<*> ##<*> ##<*>,getTodayTotalDetailSteps = <*>##<*>##<*>##<*>##<*>##<*>
getTodayTotalDetailSteps = 1514039760000##7189##549659##8661##16256##28479559,getTodayTotalDetailSteps = <*> ##<*> ##<*> ##<*> ##<*>,getTodayTotalDetailSteps = <*>##<*>##<*>##<*>##<*>##<*>
getTodayTotalDetailSteps = 1514039880000##7189##549659##8661##16256##28609620,getTodayTotalDetailSteps = <*> ##<*> ##<*> ##<*> ##<*>,getTodayTotalDetailSteps = <*>##<*>##<*>##<*>##<*>##<*>
getTodayTotalDetailSteps = 1514039880000##7189##549659##8661##16256##28609933,getTodayTotalDetailSteps = <*> ##<*> ##<*> ##<*> ##<*>,getTodayTotalDetailSteps = <*>##<*>##<*>##<*>##<*>##<*>
getTodayTotalDetailSteps = 1514040240000##7189##549659##8661##16256##28993578,getTodayTotalDetailSteps = <*> ##<*> ##<*> ##<*> ##<*>,getTodayTotalDetailSteps = <*>##<*>##<*>##<*>##<*>##<*>
getTodayTotalDetailSteps = 1514040240000##7189##549659##8661##16256##28999575,getTodayTotalDetailSteps = <*> ##<*> ##<*> ##<*> ##<*>,getTodayTotalDetailSteps = <*>##<*>##<*>##<*>##<*>##<*>
getTodayTotalDetailSteps = 1514040600000##7189##549659##8661##16256##29307585,getTodayTotalDetailSteps = <*> ##<*> ##<*> ##<*> ##<*>,getTodayTotalDetailSteps = <*>##<*>##<*>##<*>##<*>##<*>
getTodayTotalDetailSteps = 1514040600000##7189##549659##8661##16256##29341612,getTodayTotalDetailSteps = <*> ##<*> ##<*> ##<*> ##<*>,getTodayTotalDetailSteps = <*>##<*>##<*>##<*>##<*>##<*>
getTodayTotalDetailSteps = 1514040600000##7189##549659##8661##16256##29341927,getTodayTotalDetailSteps = <*> ##<*> ##<*> ##<*> ##<*>,getTodayTotalDetailSteps = <*>##<*>##<*>##<*>##<*>##<*>
getTodayTotalDetailSteps = 1514040600000##7189##549659##8661##16256##29344951,getTodayTotalDetailSteps = <*> ##<*> ##<*> ##<*> ##<*>,getTodayTotalDetailSteps = <*>##<*>##<*>##<*>##<*>##<*>
getTodayTotalDetailSteps = 1514040660000##7189##549659##8661##16256##29416607,getTodayTotalDetailSteps = <*> ##<*> ##<*> ##<*> ##<*>,getTodayTotalDetailSteps = <*>##<*>##<*>##<*>##<*>##<*>
getTodayTotalDetailSteps = 1514040720000##7189##549659##8661##16256##29425847,getTodayTotalDetailSteps = <*> ##<*> ##<*> ##<*> ##<*>,getTodayTotalDetailSteps = <*>##<*>##<*>##<*>##<*>##<*>
getTodayTotalDetailSteps = 1514040720000##7189##549659##8661##16256##29437358,getTodayTotalDetailSteps = <*> ##<*> ##<*> ##<*> ##<*>,getTodayTotalDetailSteps = <*>##<*>##<*>##<*>##<*>##<*>
getTodayTotalDetailSteps = 1514040780000##7189##549659##8661##16256##29539649,getTodayTotalDetailSteps = <*> ##<*> ##<*> ##<*> ##<*>,getTodayTotalDetailSteps = <*>##<*>##<*>##<*>##<*>##<*>
getTodayTotalDetailSteps = 1514040840000##7189##549659##8661##16256##29600053,getTodayTotalDetailSteps = <*> ##<*> ##<*> ##<*> ##<*>,getTodayTotalDetailSteps = <*>##<*>##<*>##<*>##<*>##<*>
REPORT : 7205 5144 154331 240,REPORT : <*> <*> <*>,REPORT : <*> <*> <*> <*>
getTodayTotalDetailSteps = 1514041980000##7208##549659##8661##16256##30731232,getTodayTotalDetailSteps = <*> ##<*> ##<*> ##<*> ##<*> ##<*> ##<*>,getTodayTotalDetailSteps = <*>##<*>##<*>##<*>##<*>##<*>
REPORT : 7212 5149 154481 240,REPORT : <*> <*> <*>,REPORT : <*> <*> <*> <*>
REPORT : 7214 5150 154523 240,REPORT : <*> <*> <*>,REPORT : <*> <*> <*> <*>
REPORT : 7214 5150 154523 240,REPORT : <*> <*> <*>,REPORT : <*> <*> <*> <*>
REPORT : 7214 5150 154523 240,REPORT : <*> <*> <*>,REPORT : <*> <*> <*> <*>
getTodayTotalDetailSteps = 1514042280000##7214##549659##8661##16256##31004759,getTodayTotalDetailSteps = <*> ##<*> ##<*> ##<*> ##<*>,getTodayTotalDetailSteps = <*>##<*>##<*>##<*>##<*>##<*>
getTodayTotalDetailSteps = 1514042280000##7214##549659##8661##16256##31005759,getTodayTotalDetailSteps = <*> ##<*> ##<*> ##<*> ##<*>,getTodayTotalDetailSteps = <*>##<*>##<*>##<*>##<*>##<*>
getTodayTotalDetailSteps = 1514042520000##7214##549659##8661##16256##31239760,getTodayTotalDetailSteps = <*> ##<*> ##<*> ##<*> ##<*>,getTodayTotalDetailSteps = <*>##<*>##<*>##<*>##<*>##<*>
getTodayTotalDetailSteps = 1514042520000##7214##549659##8661##16256##31243766,getTodayTotalDetailSteps = <*> ##<*> ##<*> ##<*> ##<*>,getTodayTotalDetailSteps = <*>##<*>##<*>##<*>##<*>##<*>
"startSync hiSyncOption = HiSyncOption{ syncAction=1, syncMethod=2, syncScope=0, syncDataType=20000, syncModel=2, pushAction=0},app = 1 who = 1","startSync hiSyncOption = HiSyncOption<*> syncAction=<*>, syncMethod=<*>, syncScope=<*>, syncDataType=<*>, syncModel=<*>, pushAction=<*><*>,app = <*> who = <*>","startSync hiSyncOption = HiSyncOption{syncAction=<*>, syncMethod=<*>, syncScope=<*>, syncDataType=<*>, syncModel=<*>, pushAction=<*>},app = <*> who = <*>"
getTodayTotalDetailSteps = 1514043360000##7214##549659##8661##16256##32078759,getTodayTotalDetailSteps = <*> ##<*> ##<*> ##<*> ##<*>,getTodayTotalDetailSteps = <*>##<*>##<*>##<*>##<*>##<*>
getTodayTotalDetailSteps = 1514043900000##7214##549659##8661##16256##32618758,getTodayTotalDetailSteps = <*> ##<*> ##<*> ##<*> ##<*>,getTodayTotalDetailSteps = <*>##<*>##<*>##<*>##<*>##<*>
getTodayTotalDetailSteps = 1514044320000##7214##549659##8661##16256##33024761,getTodayTotalDetailSteps = <*> ##<*> ##<*> ##<*> ##<*> ##<*> ##<*>,getTodayTotalDetailSteps = <*>##<*>##<*>##<*>##<*>##<*>
getTodayTotalDetailSteps = 1514044320000##7214##549659##8661##16256##33039758,getTodayTotalDetailSteps = <*> ##<*> ##<*> ##<*> ##<*>,getTodayTotalDetailSteps = <*>##<*>##<*>##<*>##<*>##<*>
getTodayTotalDetailSteps = 1514044320000##7214##549659##8661##16256##33049759,getTodayTotalDetailSteps = <*> ##<*> ##<*> ##<*> ##<*>,getTodayTotalDetailSteps = <*>##<*>##<*>##<*>##<*>##<*>
getTodayTotalDetailSteps = 1514044320000##7214##549659##8661##16256##33064766,getTodayTotalDetailSteps = <*> ##<*> ##<*> ##<*> ##<*>,getTodayTotalDetailSteps = <*>##<*>##<*>##<*>##<*>##<*>
getTodayTotalDetailSteps = 1514044320000##7214##549659##8661##16256##33066759,getTodayTotalDetailSteps = <*> ##<*> ##<*> ##<*> ##<*>,getTodayTotalDetailSteps = <*>##<*>##<*>##<*>##<*>##<*>
getTodayTotalDetailSteps = 1514044320000##7214##549659##8661##16256##33081765,getTodayTotalDetailSteps = <*> ##<*> ##<*> ##<*> ##<*>,getTodayTotalDetailSteps = <*>##<*>##<*>##<*>##<*>##<*>
getTodayTotalDetailSteps = 1514044380000##7214##549659##8661##16256##33113758,getTodayTotalDetailSteps = <*> ##<*> ##<*> ##<*> ##<*>,getTodayTotalDetailSteps = <*>##<*>##<*>##<*>##<*>##<*>
getTodayTotalDetailSteps = 1514044380000##7214##549659##8661##16256##33118758,getTodayTotalDetailSteps = <*> ##<*> ##<*> ##<*> ##<*>,getTodayTotalDetailSteps = <*>##<*>##<*>##<*>##<*>##<*>
getTodayTotalDetailSteps = 1514044380000##7214##549659##8661##16256##33129767,getTodayTotalDetailSteps = <*> ##<*> ##<*> ##<*> ##<*>,getTodayTotalDetailSteps = <*>##<*>##<*>##<*>##<*>##<*>
getTodayTotalDetailSteps = 1514044380000##7214##549659##8661##16256##33138759,getTodayTotalDetailSteps = <*> ##<*> ##<*> ##<*> ##<*>,getTodayTotalDetailSteps = <*>##<*>##<*>##<*>##<*>##<*>
getTodayTotalDetailSteps = 1514044440000##7214##549659##8661##16256##33169760,getTodayTotalDetailSteps = <*> ##<*> ##<*> ##<*> ##<*>,getTodayTotalDetailSteps = <*>##<*>##<*>##<*>##<*>##<*>
getTodayTotalDetailSteps = 1514044500000##7214##549659##8661##16256##33239758,getTodayTotalDetailSteps = <*> ##<*> ##<*> ##<*> ##<*>,getTodayTotalDetailSteps = <*>##<*>##<*>##<*>##<*>##<*>
getTodayTotalDetailSteps = 1514044560000##7214##549659##8661##16256##33298759,getTodayTotalDetailSteps = <*> ##<*> ##<*> ##<*> ##<*>,getTodayTotalDetailSteps = <*>##<*>##<*>##<*>##<*>##<*>
theDayChanged 1514044800216,DayChanged <*>,theDayChanged <*>
tryToReloadTodayBasicSteps1514044800223|3786|0|0,tryToReloadTodayBasicSteps1514044800223|<*>|<*>|<*>|<*>|<*>|<*>,<*>|<*>|<*>|<*>
REPORT : 0 0 0 0,REPORT : <*> <*> <*>,REPORT : <*> <*> <*> <*>
next day:steps0mLastReport7214,next day:steps0mLastReport7214,next day:<*>
getTodayTotalDetailSteps = 1514044740000##0##549659##8661##16256##33444943,getTodayTotalDetailSteps = <*> ##<*> ##<*> ##<*> ##<*>,getTodayTotalDetailSteps = <*>##<*>##<*>##<*>##<*>##<*>
getTodayTotalDetailSteps = 1514044740000##0##549659##8661##16256##33449757,getTodayTotalDetailSteps = <*> ##<*> ##<*> ##<*> ##<*>,getTodayTotalDetailSteps = <*>##<*>##<*>##<*>##<*>##<*>
getTodayTotalDetailSteps = 1514045160000##0##549659##8661##16256##33866758,getTodayTotalDetailSteps = <*> ##<*> ##<*> ##<*> ##<*>,getTodayTotalDetailSteps = <*>##<*>##<*>##<*>##<*>##<*>
getTodayTotalDetailSteps = 1514045160000##0##549659##8661##16256##33868758,getTodayTotalDetailSteps = <*> ##<*> ##<*> ##<*>,getTodayTotalDetailSteps = <*>##<*>##<*>##<*>##<*>##<*>
getTodayTotalDetailSteps = 1514045160000##0##549659##8661##16256##33885759,getTodayTotalDetailSteps = <*> ##<*> ##<*> ##<*> ##<*>,getTodayTotalDetailSteps = <*>##<*>##<*>##<*>##<*>##<*>
getTodayTotalDetailSteps = 1514045280000##0##549659##8661##16256##33988760,getTodayTotalDetailSteps = <*> ##<*> ##<*> ##<*> ##<*>,getTodayTotalDetailSteps = <*>##<*>##<*>##<*>##<*>##<*>
getTodayTotalDetailSteps = 1514045280000##0##549659##8661##16256##33990761,getTodayTotalDetailSteps = <*> ##<*> ##<*> ##<*> ##<*>,getTodayTotalDetailSteps = <*>##<*>##<*>##<*>##<*>##<*>
getTodayTotalDetailSteps = 1514045280000##0##549659##8661##16256##34018758,getTodayTotalDetailSteps = <*> ##<*> ##<*> ##<*> ##<*>,getTodayTotalDetailSteps = <*>##<*>##<*>##<*>##<*>##<*>
getTodayTotalDetailSteps = 1514045280000##0##549659##8661##16256##34019759,getTodayTotalDetailSteps = <*> ##<*> ##<*> ##<*> ##<*>,getTodayTotalDetailSteps = <*>##<*>##<*>##<*>##<*>##<*>
getTodayTotalDetailSteps = 1514045340000##0##549659##8661##16256##34053757,getTodayTotalDetailSteps = <*> ##<*> ##<*> ##<*> ##<*>,getTodayTotalDetailSteps = <*>##<*>##<*>##<*>##<*>##<*>
getTodayTotalDetailSteps = 1514045340000##0##549659##8661##16256##34054759,getTodayTotalDetailSteps = <*> ##<*> ##<*> ##<*> ##<*>,getTodayTotalDetailSteps = <*>##<*>##<*>##<*>##<*>##<*>
getTodayTotalDetailSteps = 1514045340000##0##549659##8661##16256##34087759,getTodayTotalDetailSteps = <*> ##<*> ##<*> ##<*> ##<*>,getTodayTotalDetailSteps = <*>##<*>##<*>##<*>##<*>##<*>
getTodayTotalDetailSteps = 1514045400000##0##549659##8661##16256##34160765,getTodayTotalDetailSteps = <*> ##<*> ##<*> ##<*> ##<*>,getTodayTotalDetailSteps = <*>##<*>##<*>##<*>##<*>##<*>
getTodayTotalDetailSteps = 1514045400000##0##549659##8661##16256##34161762,getTodayTotalDetailSteps = <*> ##<*> ##<*> ##<*> ##<*>,getTodayTotalDetailSteps = <*>##<*>##<*>##<*>##<*>##<*>
getTodayTotalDetailSteps = 1514045640000##0##549659##8661##16256##34397604,getTodayTotalDetailSteps = <*> ##<*> ##<*> ##<*> ##<*>,getTodayTotalDetailSteps = <*>##<*>##<*>##<*>##<*>##<*>
getTodayTotalDetailSteps = 1514046240000##0##549659##8661##16256##34960758,getTodayTotalDetailSteps = <*> ##<*> ##<*> ##<*> ##<*>,getTodayTotalDetailSteps = <*>##<*>##<*>##<*>##<*>##<*>
getTodayTotalDetailSteps = 1514046240000##0##549659##8661##16256##34961757,getTodayTotalDetailSteps = <*> ##<*> ##<*> ##<*> ##<*>,getTodayTotalDetailSteps = <*>##<*>##<*>##<*>##<*>##<*>
"startSync hiSyncOption = HiSyncOption{ syncAction=1, syncMethod=2, syncScope=0, syncDataType=20000, syncModel=2, pushAction=0},app = 1 who = 1","startSync hiSyncOption = HiSyncOption<*> syncAction=<*>, syncMethod=<*>, syncScope=<*>, syncDataType=<*>, syncModel=<*>, pushAction=<*><*>,app = <*> who = <*>","startSync hiSyncOption = HiSyncOption{syncAction=<*>, syncMethod=<*>, syncScope=<*>, syncDataType=<*>, syncModel=<*>, pushAction=<*>},app = <*> who = <*>"
"checkCurrentDay a new day comes, reset basicSyncCondition, currentDay is 20171224 oldDay is 20171223","checkCurrentDay a new day comes, reset basicSyncCondition, currentDay is <*>, oldDay is <*>","checkCurrentDay a new day comes , reset basicSyncCondition, currentDay is <*> oldDay is <*>"
