Created MRAppMaster for application appattempt_1445144423722_0020_000001,Created MRAppMaster for application appattempt_<*>,Created MRAppMaster for application <*>
"Kind: YARN_AM_RM_TOKEN, Service:, Ident: (appAttemptId { application_id { id: 20 cluster_timestamp: 1445144423722 } attemptId: 1 } keyId: -127633188)","Kind: <*>, Service: Ident: (appAttemptId pointing pointing :<*> ) AttemptId:<*> AttemptId:<*> AttemptId:<*> AttemptId:<*> AttemptId:<*> AttemptId:<*> AttemptId:<*>","Kind: YARN_AM_RM_TOKEN, Service: , Ident: (appAttemptId { application_id { id: <*> cluster_timestamp: <*> } attemptId: <*> } keyId: <*>)"
OutputCommitter set in config null,OutputCommitter set in config null,OutputCommitter set in config <*>
OutputCommitter is org.apache.hadoop.mapreduce.lib.output.FileOutputCommitter,OutputCommitter is org.apache.hadoop.mapreduce.<*> OutputCommitter,OutputCommitter is org.apache.hadoop.mapreduce.lib.output.FileOutputCommitter
Scheduled snapshot period at 10 second(s).,Scheduled snapshot period at <*> :<*>,Scheduled snapshot period at <*> second(s).
Input size for job job_1445144423722_0020 = 1256521728. Number of splits = 10,Input size for job <*> : <*> :<*> Number of splits =<*>,Input size for job <*> = <*>. Number of splits = <*>
job_1445144423722_0020Job Transitioned from NEW to INITED,<*>Job Transitioned from NEW to INITED,<*> Transitioned from NEW to INITED
Adding protocol org.apache.hadoop.mapreduce.v2.api.MRClientProtocolPB to the server,Adding protocol org.apache.hadoop.mapreduce.<*> to the server,Adding protocol org.apache.hadoop.mapreduce.v2.api.MRClientProtocolPB to the server
Logging to org.slf4j.impl.Log4jLoggerAdapter(org.mortbay.log) via org.mortbay.log.Slf4jLog,Logging to org.slf4j.impl.Log4jLoggerAdapter(org.mortbay.log) via org.mortbay.log.Slf4jLog,Logging to <*>(org.mortbay.log) via <*>
Added filter AM_PROXY_FILTER (class=org.apache.hadoop.yarn.server.webproxy.amfilter.AmIpFilter) to context mapreduce,Added filter AM_PROXY_FILTER (class=org.apache.hadoop.yarn.server.webproxy.AmIpFilter) to context mapreduce,Added filter AM_PROXY_FILTER (class=org.apache.hadoop.yarn.server.webproxy.amfilter.AmIpFilter) to context mapreduce
Added filter AM_PROXY_FILTER (class=org.apache.hadoop.yarn.server.webproxy.amfilter.AmIpFilter) to context static,Added filter AM_PROXY_FILTER (class=org.apache.hadoop.yarn.server.webproxy.AmIpFilter) to context static,Added filter AM_PROXY_FILTER (class=org.apache.hadoop.yarn.server.webproxy.amfilter.AmIpFilter) to context static
jetty-6.1.26,<*>,jetty-<*>
Extract jar:file:/D:/hadoop-2.6.0-localbox/share/hadoop/yarn/hadoop-yarn-common-2.6.0-SNAPSHOT.jar!/webapps/mapreduce to C:\ Users\ msrabi\ AppData\ Local\ Temp\ Jetty_0_0_0_0_62267_mapreduce____.8n7xum\ webapp,Extract jar:file:/D:/<*> /<*> /<*> /<*> /<*> /<*> /<*> /<*> /<*> /<*> /<*> /<*> /<*> /<*> /<*> /<*> /<*> /<*> /<*> /<*> /<*> /<*> /<*> /<*> /<*> /<*> /<*> /<*> /<*> /<*> /<*> /<*> /<*> /<*> /<*> /<*> /<*> /<*> /<*>,Extract jar:file:<*> to <*>
Web app /mapreduce started at 62267,Web app /mapreduce started at <*>,Web app <*> started at <*>
"maxContainerCapability: < memory:8192, vCores:32>","maxContainerCapability: <*> memory:<*>, vCores:<*>","maxContainerCapability: <memory:<*>, vCores:<*>"
job_1445144423722_0020Job Transitioned from INITED to SETUP,<*>Job Transitioned from INITED to SETUP,<*> Transitioned from INITED to SETUP
job_1445144423722_0020Job Transitioned from SETUP to RUNNING,<*>Job Transitioned from SETUP to RUNNING,<*> Transitioned from SETUP to RUNNING
"mapResourceRequest:< memory:1024, vCores:1>","mapResourceRequest: stack memory:<*>, vCores:<*>","mapResourceRequest:<memory:<*>, vCores:<*>"
"Event Writer setup for JobId: job_1445144423722_0020, File: hdfs://msra-sa-41:9000/tmp/hadoop-yarn/staging/msrabi/.staging/job_1445144423722_0020/job_1445144423722_0020_1.jhist","Event Writer setup for JobId: <*>, File: <*> :<*> /<*> /<*> /<*> /<*> jhist","Event Writer setup for JobId: <*>, File: hdfs://<*>"
"reduceResourceRequest:< memory:1024, vCores:1>","reduceResourceRequest: <*> memory:<*>, vCores:<*>","reduceResourceRequest:<memory:<*>, vCores:<*>"
"getResources() for application_1445144423722_0020: ask=4 release= 0 newContainers=0 finishedContainers=0 resourcelimit=< memory:10240, vCores:-17> knownNMs=4","getResources() for <*> : ask=<*> release= <*> newContainers=<*> finishedContainers=<*> resourcelimit=<*> memory:<*>, vCores:<*> knownNMs=<*>","getResources() for <*>: ask=<*> release= <*> newContainers=<*> finishedContainers=<*> resourcelimit=<memory:<*>, vCores:<*> knownNMs=<*>"
"Recalculating schedule, headroom=< memory:10240, vCores:-17>","Recalculating schedule, headroom=<*> memory:<*>, vCores:<*>","Recalculating schedule, headroom=<memory:<*>, vCores:<*>"
"Recalculating schedule, headroom=< memory:10240, vCores:-17>","Recalculating schedule, headroom=<*> memory:<*>, vCores:<*>","Recalculating schedule, headroom=<memory:<*>, vCores:<*>"
"Recalculating schedule, headroom=< memory:8192, vCores:-19>","Recalculating schedule, headroom=<*> memory:<*>, vCores:<*>","Recalculating schedule, headroom=<memory:<*>, vCores:<*>"
The job-jar file on the remote FS is hdfs://msra-sa-41:9000/tmp/hadoop-yarn/staging/msrabi/.staging/job_1445144423722_0020/job.jar,The job-jar file on the remote FS is hdfs://<*> :<*> /<*> /<*> /<*> /<*>,The job-jar file on the remote FS is hdfs://<*>
The job-conf file on the remote FS is /tmp/hadoop-yarn/staging/msrabi/.staging/job_1445144423722_0020/job.xml,The job-conf file on the remote FS is /tmp/hadoop-yarn/staging/<*> /<*> /<*> /<*>,The job-conf file on the remote FS is <*>
Adding #0 tokens and #1 secret keys for NM use for launching container,Adding #<*> tokens and #1 secret keys for NM use for launching container,Adding #<*> tokens and #<*> secret keys for NM use for launching container
"getResources() for application_1445144423722_0020: ask=4 release= 0 newContainers=0 finishedContainers=0 resourcelimit=< memory:7168, vCores:-20> knownNMs=4","getResources() for <*> : ask=<*> release= <*> newContainers=<*> finishedContainers=<*> resourcelimit=<*> memory:<*>, vCores:<*> knownNMs=<*>","getResources() for <*>: ask=<*> release= <*> newContainers=<*> finishedContainers=<*> resourcelimit=<memory:<*>, vCores:<*> knownNMs=<*>"
"Recalculating schedule, headroom=< memory:7168, vCores:-20>","Recalculating schedule, headroom=<*> memory:<*>, vCores:<*>","Recalculating schedule, headroom=<memory:<*>, vCores:<*>"
"Recalculating schedule, headroom=< memory:5120, vCores:-22>","Recalculating schedule, headroom=<*> memory:<*>, vCores:<*>","Recalculating schedule, headroom=<memory:<*>, vCores:<*>"
"getResources() for application_1445144423722_0020: ask=4 release= 0 newContainers=0 finishedContainers=0 resourcelimit=< memory:4096, vCores:-23> knownNMs=4","getResources() for <*> : ask=<*> release= <*> newContainers=<*> finishedContainers=<*> resourcelimit=<*> memory:<*>, vCores:<*> knownNMs=<*>","getResources() for <*>: ask=<*> release= <*> newContainers=<*> finishedContainers=<*> resourcelimit=<memory:<*>, vCores:<*> knownNMs=<*>"
"Recalculating schedule, headroom=< memory:4096, vCores:-23>","Recalculating schedule, headroom=<*> memory:<*>, vCores:<*>","Recalculating schedule, headroom=<memory:<*>, vCores:<*>"
"Recalculating schedule, headroom=< memory:3072, vCores:-24>","Recalculating schedule, headroom=<*> memory:<*>, vCores:<*>","Recalculating schedule, headroom=<memory:<*>, vCores:<*>"
"getResources() for application_1445144423722_0020: ask=4 release= 0 newContainers=0 finishedContainers=0 resourcelimit=< memory:1024, vCores:-26> knownNMs=4","getResources() for <*> : ask=<*> release= <*> newContainers=<*> finishedContainers=<*> resourcelimit=<*> memory:<*>, vCores:<*> knownNMs=<*>","getResources() for <*>: ask=<*> release= <*> newContainers=<*> finishedContainers=<*> resourcelimit=<memory:<*>, vCores:<*> knownNMs=<*>"
"Recalculating schedule, headroom=< memory:1024, vCores:-26>","Recalculating schedule, headroom=<*> memory:<*>, vCores:<*>","Recalculating schedule, headroom=<memory:<*>, vCores:<*>"
"Recalculating schedule, headroom=< memory:1024, vCores:-26>","Recalculating schedule, headroom=<*> memory:<*>, vCores:<*>","Recalculating schedule, headroom=<memory:<*>, vCores:<*>"
"Recalculating schedule, headroom=< memory:0, vCores:-27>","Recalculating schedule, headroom=<*> memory:<*>, vCores:<*>","Recalculating schedule, headroom=<memory:<*>, vCores:<*>"
"Recalculating schedule, headroom=< memory:0, vCores:-27>","Recalculating schedule, headroom=<*> memory:<*>, vCores:<*>","Recalculating schedule, headroom=<memory:<*>, vCores:<*>"
"Recalculating schedule, headroom=< memory:0, vCores:-27>","Recalculating schedule, headroom=<*> memory:<*>, vCores:<*>","Recalculating schedule, headroom=<memory:<*>, vCores:<*>"
"Recalculating schedule, headroom=< memory:0, vCores:-27>","Recalculating schedule, headroom=<*> memory:<*>, vCores:<*>","Recalculating schedule, headroom=<memory:<*>, vCores:<*>"
"Recalculating schedule, headroom=< memory:0, vCores:-27>","Recalculating schedule, headroom=<*> memory:<*>, vCores:<*>","Recalculating schedule, headroom=<memory:<*>, vCores:<*>"
"Recalculating schedule, headroom=< memory:0, vCores:-27>","Recalculating schedule, headroom=<*> memory:<*>, vCores:<*>","Recalculating schedule, headroom=<memory:<*>, vCores:<*>"
"Recalculating schedule, headroom=< memory:0, vCores:-27>","Recalculating schedule, headroom=<*> memory:<*>, vCores:<*>","Recalculating schedule, headroom=<memory:<*>, vCores:<*>"
"Recalculating schedule, headroom=< memory:0, vCores:-27>","Recalculating schedule, headroom=<*> memory:<*>, vCores:<*>","Recalculating schedule, headroom=<memory:<*>, vCores:<*>"
"Recalculating schedule, headroom=< memory:0, vCores:-27>","Recalculating schedule, headroom=<*> memory:<*>, vCores:<*>","Recalculating schedule, headroom=<memory:<*>, vCores:<*>"
"Recalculating schedule, headroom=< memory:0, vCores:-27>","Recalculating schedule, headroom=<*> memory:<*>, vCores:<*>","Recalculating schedule, headroom=<memory:<*>, vCores:<*>"
"Recalculating schedule, headroom=< memory:0, vCores:-27>","Recalculating schedule, headroom=<*> memory:<*>, vCores:<*>","Recalculating schedule, headroom=<memory:<*>, vCores:<*>"
"Recalculating schedule, headroom=< memory:0, vCores:-27>","Recalculating schedule, headroom=<*> memory:<*>, vCores:<*>","Recalculating schedule, headroom=<memory:<*>, vCores:<*>"
"Recalculating schedule, headroom=< memory:0, vCores:-27>","Recalculating schedule, headroom=<*> memory:<*>, vCores:<*>","Recalculating schedule, headroom=<memory:<*>, vCores:<*>"
"Recalculating schedule, headroom=< memory:0, vCores:-27>","Recalculating schedule, headroom=<*> memory:<*>, vCores:<*>","Recalculating schedule, headroom=<memory:<*>, vCores:<*>"
"Recalculating schedule, headroom=< memory:0, vCores:-27>","Recalculating schedule, headroom=<*> memory:<*>, vCores:<*>","Recalculating schedule, headroom=<memory:<*>, vCores:<*>"
"Recalculating schedule, headroom=< memory:0, vCores:-27>","Recalculating schedule, headroom=<*> memory:<*>, vCores:<*>","Recalculating schedule, headroom=<memory:<*>, vCores:<*>"
"Recalculating schedule, headroom=< memory:0, vCores:-27>","Recalculating schedule, headroom=<*> memory:<*>, vCores:<*>","Recalculating schedule, headroom=<memory:<*>, vCores:<*>"
"Recalculating schedule, headroom=< memory:0, vCores:-27>","Recalculating schedule, headroom=<*> memory:<*>, vCores:<*>","Recalculating schedule, headroom=<memory:<*>, vCores:<*>"
"Recalculating schedule, headroom=< memory:0, vCores:-27>","Recalculating schedule, headroom=<*> memory:<*>, vCores:<*>","Recalculating schedule, headroom=<memory:<*>, vCores:<*>"
"Recalculating schedule, headroom=< memory:0, vCores:-27>","Recalculating schedule, headroom=<*> memory:<*>, vCores:<*>","Recalculating schedule, headroom=<memory:<*>, vCores:<*>"
"Recalculating schedule, headroom=< memory:0, vCores:-27>","Recalculating schedule, headroom=<*> memory:<*>, vCores:<*>","Recalculating schedule, headroom=<memory:<*>, vCores:<*>"
"Recalculating schedule, headroom=< memory:0, vCores:-27>","Recalculating schedule, headroom=<*> memory:<*>, vCores:<*>","Recalculating schedule, headroom=<memory:<*>, vCores:<*>"
"Recalculating schedule, headroom=< memory:0, vCores:-27>","Recalculating schedule, headroom=<*> memory:<*>, vCores:<*>","Recalculating schedule, headroom=<memory:<*>, vCores:<*>"
"Recalculating schedule, headroom=< memory:0, vCores:-27>","Recalculating schedule, headroom=<*> memory:<*>, vCores:<*>","Recalculating schedule, headroom=<memory:<*>, vCores:<*>"
"Recalculating schedule, headroom=< memory:0, vCores:-27>","Recalculating schedule, headroom=<*> memory:<*>, vCores:<*>","Recalculating schedule, headroom=<memory:<*>, vCores:<*>"
"Recalculating schedule, headroom=< memory:0, vCores:-27>","Recalculating schedule, headroom=<*> memory:<*>, vCores:<*>","Recalculating schedule, headroom=<memory:<*>, vCores:<*>"
"Recalculating schedule, headroom=< memory:0, vCores:-27>","Recalculating schedule, headroom=<*> memory:<*>, vCores:<*>","Recalculating schedule, headroom=<memory:<*>, vCores:<*>"
"Recalculating schedule, headroom=< memory:0, vCores:-27>","Recalculating schedule, headroom=<*> memory:<*>, vCores:<*>","Recalculating schedule, headroom=<memory:<*>, vCores:<*>"
"Recalculating schedule, headroom=< memory:0, vCores:-27>","Recalculating schedule, headroom=<*> memory:<*>, vCores:<*>","Recalculating schedule, headroom=<memory:<*>, vCores:<*>"
"Recalculating schedule, headroom=< memory:0, vCores:-27>","Recalculating schedule, headroom=<*> memory:<*>, vCores:<*>","Recalculating schedule, headroom=<memory:<*>, vCores:<*>"
"Recalculating schedule, headroom=< memory:0, vCores:-27>","Recalculating schedule, headroom=<*> memory:<*>, vCores:<*>","Recalculating schedule, headroom=<memory:<*>, vCores:<*>"
"Recalculating schedule, headroom=< memory:0, vCores:-27>","Recalculating schedule, headroom=<*> memory:<*>, vCores:<*>","Recalculating schedule, headroom=<memory:<*>, vCores:<*>"
"Recalculating schedule, headroom=< memory:0, vCores:-27>","Recalculating schedule, headroom=<*> memory:<*>, vCores:<*>","Recalculating schedule, headroom=<memory:<*>, vCores:<*>"
"Recalculating schedule, headroom=< memory:0, vCores:-27>","Recalculating schedule, headroom=<*> memory:<*>, vCores:<*>","Recalculating schedule, headroom=<memory:<*>, vCores:<*>"
"Recalculating schedule, headroom=< memory:0, vCores:-27>","Recalculating schedule, headroom=<*> memory:<*>, vCores:<*>","Recalculating schedule, headroom=<memory:<*>, vCores:<*>"
"Recalculating schedule, headroom=< memory:0, vCores:-27>","Recalculating schedule, headroom=<*> memory:<*>, vCores:<*>","Recalculating schedule, headroom=<memory:<*>, vCores:<*>"
"Recalculating schedule, headroom=< memory:0, vCores:-27>","Recalculating schedule, headroom=<*> memory:<*>, vCores:<*>","Recalculating schedule, headroom=<memory:<*>, vCores:<*>"
"Recalculating schedule, headroom=< memory:0, vCores:-27>","Recalculating schedule, headroom=<*> memory:<*>, vCores:<*>","Recalculating schedule, headroom=<memory:<*>, vCores:<*>"
"Recalculating schedule, headroom=< memory:0, vCores:-27>","Recalculating schedule, headroom=<*> memory:<*>, vCores:<*>","Recalculating schedule, headroom=<memory:<*>, vCores:<*>"
"Recalculating schedule, headroom=< memory:0, vCores:-27>","Recalculating schedule, headroom=<*> memory:<*>, vCores:<*>","Recalculating schedule, headroom=<memory:<*>, vCores:<*>"
"Recalculating schedule, headroom=< memory:0, vCores:-27>","Recalculating schedule, headroom=<*> memory:<*>, vCores:<*>","Recalculating schedule, headroom=<memory:<*>, vCores:<*>"
"Recalculating schedule, headroom=< memory:0, vCores:-27>","Recalculating schedule, headroom=<*> memory:<*>, vCores:<*>","Recalculating schedule, headroom=<memory:<*>, vCores:<*>"
"getResources() for application_1445144423722_0020: ask=4 release= 0 newContainers=0 finishedContainers=0 resourcelimit=< memory:0, vCores:-27> knownNMs=4","getResources() for <*> : ask=<*> release= <*> newContainers=<*> finishedContainers=<*> resourcelimit=<*> memory:<*>, vCores:<*> knownNMs=<*>","getResources() for <*>: ask=<*> release= <*> newContainers=<*> finishedContainers=<*> resourcelimit=<memory:<*>, vCores:<*> knownNMs=<*>"
"Recalculating schedule, headroom=< memory:0, vCores:-27>","Recalculating schedule, headroom=<*> memory:<*>, vCores:<*>","Recalculating schedule, headroom=<memory:<*>, vCores:<*>"
"Recalculating schedule, headroom=< memory:0, vCores:-27>","Recalculating schedule, headroom=<*> memory:<*>, vCores:<*>","Recalculating schedule, headroom=<memory:<*>, vCores:<*>"
"Recalculating schedule, headroom=< memory:0, vCores:-27>","Recalculating schedule, headroom=<*> memory:<*>, vCores:<*>","Recalculating schedule, headroom=<memory:<*>, vCores:<*>"
"Recalculating schedule, headroom=< memory:0, vCores:-27>","Recalculating schedule, headroom=<*> memory:<*>, vCores:<*>","Recalculating schedule, headroom=<memory:<*>, vCores:<*>"
"Recalculating schedule, headroom=< memory:0, vCores:-27>","Recalculating schedule, headroom=<*> memory:<*>, vCores:<*>","Recalculating schedule, headroom=<memory:<*>, vCores:<*>"
"Recalculating schedule, headroom=< memory:0, vCores:-27>","Recalculating schedule, headroom=<*> memory:<*>, vCores:<*>","Recalculating schedule, headroom=<memory:<*>, vCores:<*>"
"Recalculating schedule, headroom=< memory:0, vCores:-27>","Recalculating schedule, headroom=<*> memory:<*>, vCores:<*>","Recalculating schedule, headroom=<memory:<*>, vCores:<*>"
"Recalculating schedule, headroom=< memory:0, vCores:-27>","Recalculating schedule, headroom=<*> memory:<*>, vCores:<*>","Recalculating schedule, headroom=<memory:<*>, vCores:<*>"
"Recalculating schedule, headroom=< memory:0, vCores:-27>","Recalculating schedule, headroom=<*> memory:<*>, vCores:<*>","Recalculating schedule, headroom=<memory:<*>, vCores:<*>"
"Recalculating schedule, headroom=< memory:0, vCores:-27>","Recalculating schedule, headroom=<*> memory:<*>, vCores:<*>","Recalculating schedule, headroom=<memory:<*>, vCores:<*>"
"Recalculating schedule, headroom=< memory:0, vCores:-27>","Recalculating schedule, headroom=<*> memory:<*>, vCores:<*>","Recalculating schedule, headroom=<memory:<*>, vCores:<*>"
"Recalculating schedule, headroom=< memory:0, vCores:-27>","Recalculating schedule, headroom=<*> memory:<*>, vCores:<*>","Recalculating schedule, headroom=<memory:<*>, vCores:<*>"
"Recalculating schedule, headroom=< memory:0, vCores:-27>","Recalculating schedule, headroom=<*> memory:<*>, vCores:<*>","Recalculating schedule, headroom=<memory:<*>, vCores:<*>"
"Recalculating schedule, headroom=< memory:0, vCores:-27>","Recalculating schedule, headroom=<*> memory:<*>, vCores:<*>","Recalculating schedule, headroom=<memory:<*>, vCores:<*>"
"Recalculating schedule, headroom=< memory:0, vCores:-27>","Recalculating schedule, headroom=<*> memory:<*>, vCores:<*>","Recalculating schedule, headroom=<memory:<*>, vCores:<*>"
"Recalculating schedule, headroom=< memory:0, vCores:-27>","Recalculating schedule, headroom=<*> memory:<*>, vCores:<*>","Recalculating schedule, headroom=<memory:<*>, vCores:<*>"
"Recalculating schedule, headroom=< memory:0, vCores:-27>","Recalculating schedule, headroom=<*> memory:<*>, vCores:<*>","Recalculating schedule, headroom=<memory:<*>, vCores:<*>"
"Recalculating schedule, headroom=< memory:0, vCores:-27>","Recalculating schedule, headroom=<*> memory:<*>, vCores:<*>","Recalculating schedule, headroom=<memory:<*>, vCores:<*>"
"Recalculating schedule, headroom=< memory:0, vCores:-27>","Recalculating schedule, headroom=<*> memory:<*>, vCores:<*>","Recalculating schedule, headroom=<memory:<*>, vCores:<*>"
"Recalculating schedule, headroom=< memory:0, vCores:-27>","Recalculating schedule, headroom=<*> memory:<*>, vCores:<*>","Recalculating schedule, headroom=<memory:<*>, vCores:<*>"
"Recalculating schedule, headroom=< memory:0, vCores:-27>","Recalculating schedule, headroom=<*> memory:<*>, vCores:<*>","Recalculating schedule, headroom=<memory:<*>, vCores:<*>"
"Recalculating schedule, headroom=< memory:0, vCores:-27>","Recalculating schedule, headroom=<*> memory:<*>, vCores:<*>","Recalculating schedule, headroom=<memory:<*>, vCores:<*>"
"Recalculating schedule, headroom=< memory:0, vCores:-27>","Recalculating schedule, headroom=<*> memory:<*>, vCores:<*>","Recalculating schedule, headroom=<memory:<*>, vCores:<*>"
"Recalculating schedule, headroom=< memory:0, vCores:-27>","Recalculating schedule, headroom=<*> memory:<*>, vCores:<*>","Recalculating schedule, headroom=<memory:<*>, vCores:<*>"
"Recalculating schedule, headroom=< memory:0, vCores:-27>","Recalculating schedule, headroom=<*> memory:<*>, vCores:<*>","Recalculating schedule, headroom=<memory:<*>, vCores:<*>"
"Recalculating schedule, headroom=< memory:0, vCores:-27>","Recalculating schedule, headroom=<*> memory:<*>, vCores:<*>","Recalculating schedule, headroom=<memory:<*>, vCores:<*>"
"Recalculating schedule, headroom=< memory:0, vCores:-27>","Recalculating schedule, headroom=<*> memory:<*>, vCores:<*>","Recalculating schedule, headroom=<memory:<*>, vCores:<*>"
"Recalculating schedule, headroom=< memory:0, vCores:-27>","Recalculating schedule, headroom=<*> memory:<*>, vCores:<*>","Recalculating schedule, headroom=<memory:<*>, vCores:<*>"
"Recalculating schedule, headroom=< memory:0, vCores:-27>","Recalculating schedule, headroom=<*> memory:<*>, vCores:<*>","Recalculating schedule, headroom=<memory:<*>, vCores:<*>"
"Recalculating schedule, headroom=< memory:0, vCores:-27>","Recalculating schedule, headroom=<*> memory:<*>, vCores:<*>","Recalculating schedule, headroom=<memory:<*>, vCores:<*>"
"Recalculating schedule, headroom=< memory:0, vCores:-27>","Recalculating schedule, headroom=<*> memory:<*>, vCores:<*>","Recalculating schedule, headroom=<memory:<*>, vCores:<*>"
"Recalculating schedule, headroom=< memory:0, vCores:-27>","Recalculating schedule, headroom=<*> memory:<*>, vCores:<*>","Recalculating schedule, headroom=<memory:<*>, vCores:<*>"
"Recalculating schedule, headroom=< memory:0, vCores:-27>","Recalculating schedule, headroom=<*> memory:<*>, vCores:<*>","Recalculating schedule, headroom=<memory:<*>, vCores:<*>"
"Recalculating schedule, headroom=< memory:0, vCores:-27>","Recalculating schedule, headroom=<*> memory:<*>, vCores:<*>","Recalculating schedule, headroom=<memory:<*>, vCores:<*>"
"Recalculating schedule, headroom=< memory:0, vCores:-27>","Recalculating schedule, headroom=<*> memory:<*>, vCores:<*>","Recalculating schedule, headroom=<memory:<*>, vCores:<*>"
"Recalculating schedule, headroom=< memory:0, vCores:-27>","Recalculating schedule, headroom=<*> memory:<*>, vCores:<*>","Recalculating schedule, headroom=<memory:<*>, vCores:<*>"
"Recalculating schedule, headroom=< memory:0, vCores:-27>","Recalculating schedule, headroom=<*> memory:<*>, vCores:<*>","Recalculating schedule, headroom=<memory:<*>, vCores:<*>"
"Recalculating schedule, headroom=< memory:0, vCores:-27>","Recalculating schedule, headroom=<*> memory:<*>, vCores:<*>","Recalculating schedule, headroom=<memory:<*>, vCores:<*>"
"Recalculating schedule, headroom=< memory:0, vCores:-27>","Recalculating schedule, headroom=<*> memory:<*>, vCores:<*>","Recalculating schedule, headroom=<memory:<*>, vCores:<*>"
"Recalculating schedule, headroom=< memory:0, vCores:-27>","Recalculating schedule, headroom=<*> memory:<*>, vCores:<*>","Recalculating schedule, headroom=<memory:<*>, vCores:<*>"
"Recalculating schedule, headroom=< memory:0, vCores:-27>","Recalculating schedule, headroom=<*> memory:<*>, vCores:<*>","Recalculating schedule, headroom=<memory:<*>, vCores:<*>"
"Recalculating schedule, headroom=< memory:0, vCores:-27>","Recalculating schedule, headroom=<*> memory:<*>, vCores:<*>","Recalculating schedule, headroom=<memory:<*>, vCores:<*>"
"Recalculating schedule, headroom=< memory:0, vCores:-27>","Recalculating schedule, headroom=<*> memory:<*>, vCores:<*>","Recalculating schedule, headroom=<memory:<*>, vCores:<*>"
"Recalculating schedule, headroom=< memory:0, vCores:-27>","Recalculating schedule, headroom=<*> memory:<*>, vCores:<*>","Recalculating schedule, headroom=<memory:<*>, vCores:<*>"
"Recalculating schedule, headroom=< memory:0, vCores:-27>","Recalculating schedule, headroom=<*> memory:<*>, vCores:<*>","Recalculating schedule, headroom=<memory:<*>, vCores:<*>"
"Recalculating schedule, headroom=< memory:0, vCores:-27>","Recalculating schedule, headroom=<*> memory:<*>, vCores:<*>","Recalculating schedule, headroom=<memory:<*>, vCores:<*>"
"Recalculating schedule, headroom=< memory:0, vCores:-27>","Recalculating schedule, headroom=<*> memory:<*>, vCores:<*>","Recalculating schedule, headroom=<memory:<*>, vCores:<*>"
"Recalculating schedule, headroom=< memory:0, vCores:-27>","Recalculating schedule, headroom=<*> memory:<*>, vCores:<*>","Recalculating schedule, headroom=<memory:<*>, vCores:<*>"
"Recalculating schedule, headroom=< memory:0, vCores:-27>","Recalculating schedule, headroom=<*> memory:<*>, vCores:<*>","Recalculating schedule, headroom=<memory:<*>, vCores:<*>"
"Recalculating schedule, headroom=< memory:0, vCores:-27>","Recalculating schedule, headroom=<*> memory:<*>, vCores:<*>","Recalculating schedule, headroom=<memory:<*>, vCores:<*>"
"Recalculating schedule, headroom=< memory:0, vCores:-27>","Recalculating schedule, headroom=<*> memory:<*>, vCores:<*>","Recalculating schedule, headroom=<memory:<*>, vCores:<*>"
"Recalculating schedule, headroom=< memory:0, vCores:-27>","Recalculating schedule, headroom=<*> memory:<*>, vCores:<*>","Recalculating schedule, headroom=<memory:<*>, vCores:<*>"
"Recalculating schedule, headroom=< memory:0, vCores:-27>","Recalculating schedule, headroom=<*> memory:<*>, vCores:<*>","Recalculating schedule, headroom=<memory:<*>, vCores:<*>"
"Recalculating schedule, headroom=< memory:0, vCores:-27>","Recalculating schedule, headroom=<*> memory:<*>, vCores:<*>","Recalculating schedule, headroom=<memory:<*>, vCores:<*>"
"Recalculating schedule, headroom=< memory:0, vCores:-27>","Recalculating schedule, headroom=<*> memory:<*>, vCores:<*>","Recalculating schedule, headroom=<memory:<*>, vCores:<*>"
"Recalculating schedule, headroom=< memory:0, vCores:-27>","Recalculating schedule, headroom=<*> memory:<*>, vCores:<*>","Recalculating schedule, headroom=<memory:<*>, vCores:<*>"
"Recalculating schedule, headroom=< memory:0, vCores:-27>","Recalculating schedule, headroom=<*> memory:<*>, vCores:<*>","Recalculating schedule, headroom=<memory:<*>, vCores:<*>"
"Recalculating schedule, headroom=< memory:0, vCores:-27>","Recalculating schedule, headroom=<*> memory:<*>, vCores:<*>","Recalculating schedule, headroom=<memory:<*>, vCores:<*>"
"Recalculating schedule, headroom=< memory:0, vCores:-27>","Recalculating schedule, headroom=<*> memory:<*>, vCores:<*>","Recalculating schedule, headroom=<memory:<*>, vCores:<*>"
"Recalculating schedule, headroom=< memory:0, vCores:-27>","Recalculating schedule, headroom=<*> memory:<*>, vCores:<*>","Recalculating schedule, headroom=<memory:<*>, vCores:<*>"
"Recalculating schedule, headroom=< memory:0, vCores:-27>","Recalculating schedule, headroom=<*> memory:<*>, vCores:<*>","Recalculating schedule, headroom=<memory:<*>, vCores:<*>"
"Recalculating schedule, headroom=< memory:0, vCores:-27>","Recalculating schedule, headroom=<*> memory:<*>, vCores:<*>","Recalculating schedule, headroom=<memory:<*>, vCores:<*>"
"Recalculating schedule, headroom=< memory:0, vCores:-27>","Recalculating schedule, headroom=<*> memory:<*>, vCores:<*>","Recalculating schedule, headroom=<memory:<*>, vCores:<*>"
"getResources() for application_1445144423722_0020: ask=4 release= 0 newContainers=1 finishedContainers=0 resourcelimit=< memory:0, vCores:-27> knownNMs=4","getResources() for <*> : ask=<*> release= <*> newContainers=<*> finishedContainers=<*> resourcelimit=<*> memory:<*>, vCores:<*> knownNMs=<*>","getResources() for <*>: ask=<*> release= <*> newContainers=<*> finishedContainers=<*> resourcelimit=<memory:<*>, vCores:<*> knownNMs=<*>"
"Recalculating schedule, headroom=< memory:0, vCores:-27>","Recalculating schedule, headroom=<*> memory:<*>, vCores:<*>","Recalculating schedule, headroom=<memory:<*>, vCores:<*>"
"getResources() for application_1445144423722_0020: ask=4 release= 0 newContainers=0 finishedContainers=0 resourcelimit=< memory:0, vCores:-27> knownNMs=4","getResources() for <*> : ask=<*> release= <*> newContainers=<*> finishedContainers=<*> resourcelimit=<*> memory:<*>, vCores:<*> knownNMs=<*>","getResources() for <*>: ask=<*> release= <*> newContainers=<*> finishedContainers=<*> resourcelimit=<memory:<*>, vCores:<*> knownNMs=<*>"
"Recalculating schedule, headroom=< memory:0, vCores:-27>","Recalculating schedule, headroom=<*> memory:<*>, vCores:<*>","Recalculating schedule, headroom=<memory:<*>, vCores:<*>"
"Recalculating schedule, headroom=< memory:0, vCores:-27>","Recalculating schedule, headroom=<*> memory:<*>, vCores:<*>","Recalculating schedule, headroom=<memory:<*>, vCores:<*>"
"Recalculating schedule, headroom=< memory:0, vCores:-27>","Recalculating schedule, headroom=<*> memory:<*>, vCores:<*>","Recalculating schedule, headroom=<memory:<*>, vCores:<*>"
"Recalculating schedule, headroom=< memory:0, vCores:-27>","Recalculating schedule, headroom=<*> memory:<*>, vCores:<*>","Recalculating schedule, headroom=<memory:<*>, vCores:<*>"
"Recalculating schedule, headroom=< memory:0, vCores:-27>","Recalculating schedule, headroom=<*> memory:<*>, vCores:<*>","Recalculating schedule, headroom=<memory:<*>, vCores:<*>"
"Recalculating schedule, headroom=< memory:0, vCores:-27>","Recalculating schedule, headroom=<*> memory:<*>, vCores:<*>","Recalculating schedule, headroom=<memory:<*>, vCores:<*>"
"Recalculating schedule, headroom=< memory:0, vCores:-27>","Recalculating schedule, headroom=<*> memory:<*>, vCores:<*>","Recalculating schedule, headroom=<memory:<*>, vCores:<*>"
"Recalculating schedule, headroom=< memory:0, vCores:-27>","Recalculating schedule, headroom=<*> memory:<*>, vCores:<*>","Recalculating schedule, headroom=<memory:<*>, vCores:<*>"
"getResources() for application_1445144423722_0020: ask=4 release= 0 newContainers=0 finishedContainers=0 resourcelimit=< memory:0, vCores:-27> knownNMs=4","getResources() for <*> : ask=<*> release= <*> newContainers=<*> finishedContainers=<*> resourcelimit=<*> memory:<*>, vCores:<*> knownNMs=<*>","getResources() for <*>: ask=<*> release= <*> newContainers=<*> finishedContainers=<*> resourcelimit=<memory:<*>, vCores:<*> knownNMs=<*>"
"Recalculating schedule, headroom=< memory:0, vCores:-27>","Recalculating schedule, headroom=<*> memory:<*>, vCores:<*>","Recalculating schedule, headroom=<memory:<*>, vCores:<*>"
"Recalculating schedule, headroom=< memory:0, vCores:-27>","Recalculating schedule, headroom=<*> memory:<*>, vCores:<*>","Recalculating schedule, headroom=<memory:<*>, vCores:<*>"
"Recalculating schedule, headroom=< memory:0, vCores:-27>","Recalculating schedule, headroom=<*> memory:<*>, vCores:<*>","Recalculating schedule, headroom=<memory:<*>, vCores:<*>"
"getResources() for application_1445144423722_0020: ask=4 release= 0 newContainers=1 finishedContainers=0 resourcelimit=< memory:0, vCores:-27> knownNMs=4","getResources() for <*> : ask=<*> release= <*> newContainers=<*> finishedContainers=<*> resourcelimit=<*> memory:<*>, vCores:<*> knownNMs=<*>","getResources() for <*>: ask=<*> release= <*> newContainers=<*> finishedContainers=<*> resourcelimit=<memory:<*>, vCores:<*> knownNMs=<*>"
"Recalculating schedule, headroom=< memory:0, vCores:-27>","Recalculating schedule, headroom=<*> memory:<*>, vCores:<*>","Recalculating schedule, headroom=<memory:<*>, vCores:<*>"
"getResources() for application_1445144423722_0020: ask=4 release= 0 newContainers=1 finishedContainers=0 resourcelimit=< memory:0, vCores:-27> knownNMs=4","getResources() for <*> : ask=<*> release= <*> newContainers=<*> finishedContainers=<*> resourcelimit=<*> memory:<*>, vCores:<*> knownNMs=<*>","getResources() for <*>: ask=<*> release= <*> newContainers=<*> finishedContainers=<*> resourcelimit=<memory:<*>, vCores:<*> knownNMs=<*>"
"Cannot assign container Container: [ContainerId: container_1445144423722_0020_01_000012, NodeId: MSRA-SA-39.fareast.corp.microsoft.com:28345, NodeHttpAddress: MSRA-SA-39.fareast.corp.microsoft.com:8042, Resource: < memory:1024, vCores:1>, Priority: 20, Token: Token { kind: ContainerToken, service: 172.22.149.145:28345 }, ] for a map as either container memory less than required < memory:1024, vCores:1> or no pending map tasks - maps.isEmpty=true","Cannot assign container Container: [<*> :<*> ] NodeId: <*> :<*> :<*>, Resource: <*> memory:<*> :<*> :<*>, Resource: <*> memory:<*> :<*> :<*>, Resource: <*> memory:<*> :<*> :<*>, Resource: <*> memory:<*> :<*> :<*>, Resource: <*> memory:<*> :<*> :<*>, Resource: <*> memory:<*> :<*> :<*>, Resource: <*> memory:<*>","Cannot assign container Container: [ContainerId: <*>, NodeId: <*>:<*>, NodeHttpAddress: <*>:<*>, Resource: <memory:<*>, vCores:<*>, Priority: <*>, Token: Token { kind: ContainerToken, service: <*>:<*> }, ] for a map as either container memory less than required <memory:<*>, vCores:<*> or no pending map tasks - maps.isEmpty=<*>"
"Recalculating schedule, headroom=< memory:0, vCores:-27>","Recalculating schedule, headroom=<*> memory:<*>, vCores:<*>","Recalculating schedule, headroom=<memory:<*>, vCores:<*>"
"getResources() for application_1445144423722_0020: ask=0 release= 1 newContainers=0 finishedContainers=1 resourcelimit=< memory:1024, vCores:-26> knownNMs=4","getResources() for <*> : ask=<*> release= <*> newContainers=<*> finishedContainers=<*> resourcelimit=<*> memory:<*>, vCores:<*> knownNMs=<*>","getResources() for <*>: ask=<*> release= <*> newContainers=<*> finishedContainers=<*> resourcelimit=<memory:<*>, vCores:<*> knownNMs=<*>"
"Recalculating schedule, headroom=< memory:1024, vCores:-26>","Recalculating schedule, headroom=<*> memory:<*>, vCores:<*>","Recalculating schedule, headroom=<memory:<*>, vCores:<*>"
"Recalculating schedule, headroom=< memory:0, vCores:-27>","Recalculating schedule, headroom=<*> memory:<*>, vCores:<*>","Recalculating schedule, headroom=<memory:<*>, vCores:<*>"
"Recalculating schedule, headroom=< memory:0, vCores:-27>","Recalculating schedule, headroom=<*> memory:<*>, vCores:<*>","Recalculating schedule, headroom=<memory:<*>, vCores:<*>"
We launched 1 speculations. Sleeping 15000 milliseconds.,We launched <*> speculations. Sleeping <*>,We launched <*> speculations. Sleeping <*> milliseconds.
"getResources() for application_1445144423722_0020: ask=5 release= 0 newContainers=0 finishedContainers=1 resourcelimit=< memory:0, vCores:-27> knownNMs=4","getResources() for <*> : ask=<*> release= <*> newContainers=<*> finishedContainers=<*> resourcelimit=<*> memory:<*>, vCores:<*> knownNMs=<*>","getResources() for <*>: ask=<*> release= <*> newContainers=<*> finishedContainers=<*> resourcelimit=<memory:<*>, vCores:<*> knownNMs=<*>"
"Slow ReadProcessor read fields took 65020ms (threshold=30000ms); ack: seqno: -2 status: SUCCESS status: ERROR downstreamAckTimeNanos: 0, targets: [10.86.169.121:50010, 10.190.173.170:50010]",Slow ReadProcessor read fields took <*> (threshold=<*> ) ack: seqno: <*> status: SUCCESS status: ERROR downstreamAckTimeNanos:<*> targets: [<*> :<*> ],"Slow ReadProcessor read fields took <*> (threshold=<*>); ack: seqno: <*> status: SUCCESS status: ERROR downstreamAckTimeNanos: <*>, targets: [<*>:<*>, <*>:<*>]"
DFSOutputStream ResponseProcessor exception for block BP-1347369012-10.190.173.170-1444972147527:blk_1073743512_2731,DFSOutputStream ResponseProcessor exception for block <*> :<*>,DFSOutputStream ResponseProcessor exception for block BP-<*>:<*>
"Error Recovery for block BP-1347369012-10.190.173.170-1444972147527:blk_1073743512_2731 in pipeline 10.86.169.121:50010, 10.190.173.170:50010: bad datanode 10.190.173.170:50010",Error Recovery for block <*> :<*> :<*> in pipeline <*> :<*> :<*> bad datanamenode :<*>,"Error Recovery for block BP-<*>:<*> in pipeline <*>:<*>, <*>:<*>: bad datanode <*>:<*>"
"Thread Thread[eventHandlingThread,5,main] threw an Exception.","Thread Thread[<*>HandlingThread,<*> ] threw an Exception.","Thread Thread[eventHandlingThread,<*>,main] threw an Exception."
