connection from 203.101.45.59 (dsl-Chn-static-059.45.101.203.touchtelindia.net) at Sun Jul  3 10:05:25 2005,connection from <*> at Sun Jul  3 10:05:25 2005,connection from <*> at <*>
connection from 203.101.45.59 (dsl-Chn-static-059.45.101.203.touchtelindia.net) at Sun Jul  3 10:05:25 2005,connection from <*> at Sun Jul  3 10:05:25 2005,connection from <*> at <*>
connection from 203.101.45.59 (dsl-Chn-static-059.45.101.203.touchtelindia.net) at Sun Jul  3 10:05:25 2005,connection from <*> at Sun Jul  3 10:05:25 2005,connection from <*> at <*>
connection from 203.101.45.59 (dsl-Chn-static-059.45.101.203.touchtelindia.net) at Sun Jul  3 10:05:25 2005,connection from <*> at Sun Jul  3 10:05:25 2005,connection from <*> at <*>
connection from 203.101.45.59 (dsl-Chn-static-059.45.101.203.touchtelindia.net) at Sun Jul  3 10:05:25 2005,connection from <*> at Sun Jul  3 10:05:25 2005,connection from <*> at <*>
connection from 203.101.45.59 (dsl-Chn-static-059.45.101.203.touchtelindia.net) at Sun Jul  3 10:05:25 2005,connection from <*> at Sun Jul  3 10:05:25 2005,connection from <*> at <*>
connection from 203.101.45.59 (dsl-Chn-static-059.45.101.203.touchtelindia.net) at Sun Jul  3 10:05:25 2005,connection from <*> at Sun Jul  3 10:05:25 2005,connection from <*> at <*>
connection from 203.101.45.59 (dsl-Chn-static-059.45.101.203.touchtelindia.net) at Sun Jul  3 10:05:25 2005,connection from <*> at Sun Jul  3 10:05:25 2005,connection from <*> at <*>
connection from 203.101.45.59 (dsl-Chn-static-059.45.101.203.touchtelindia.net) at Sun Jul  3 10:05:25 2005,connection from <*> at Sun Jul  3 10:05:25 2005,connection from <*> at <*>
connection from 203.101.45.59 (dsl-Chn-static-059.45.101.203.touchtelindia.net) at Sun Jul  3 10:05:25 2005,connection from <*> at Sun Jul  3 10:05:25 2005,connection from <*> at <*>
connection from 203.101.45.59 (dsl-Chn-static-059.45.101.203.touchtelindia.net) at Sun Jul  3 10:05:25 2005,connection from <*> at Sun Jul  3 10:05:25 2005,connection from <*> at <*>
connection from 203.101.45.59 (dsl-Chn-static-059.45.101.203.touchtelindia.net) at Sun Jul  3 10:05:25 2005,connection from <*> at Sun Jul  3 10:05:25 2005,connection from <*> at <*>
connection from 203.101.45.59 (dsl-Chn-static-059.45.101.203.touchtelindia.net) at Sun Jul  3 10:05:25 2005,connection from <*> at Sun Jul  3 10:05:25 2005,connection from <*> at <*>
connection from 203.101.45.59 (dsl-Chn-static-059.45.101.203.touchtelindia.net) at Sun Jul  3 10:05:25 2005,connection from <*> at Sun Jul  3 10:05:25 2005,connection from <*> at <*>
connection from 203.101.45.59 (dsl-Chn-static-059.45.101.203.touchtelindia.net) at Sun Jul  3 10:05:25 2005,connection from <*> at Sun Jul  3 10:05:25 2005,connection from <*> at <*>
connection from 203.101.45.59 (dsl-Chn-static-059.45.101.203.touchtelindia.net) at Sun Jul  3 10:05:25 2005,connection from <*> at Sun Jul  3 10:05:25 2005,connection from <*> at <*>
connection from 203.101.45.59 (dsl-Chn-static-059.45.101.203.touchtelindia.net) at Sun Jul  3 10:05:25 2005,connection from <*> at Sun Jul  3 10:05:25 2005,connection from <*> at <*>
connection from 203.101.45.59 (dsl-Chn-static-059.45.101.203.touchtelindia.net) at Sun Jul  3 10:05:25 2005,connection from <*> at Sun Jul  3 10:05:25 2005,connection from <*> at <*>
connection from 203.101.45.59 (dsl-Chn-static-059.45.101.203.touchtelindia.net) at Sun Jul  3 10:05:25 2005,connection from <*> at Sun Jul  3 10:05:25 2005,connection from <*> at <*>
connection from 203.101.45.59 (dsl-Chn-static-059.45.101.203.touchtelindia.net) at Sun Jul  3 10:05:25 2005,connection from <*> at Sun Jul  3 10:05:25 2005,connection from <*> at <*>
connection from 203.101.45.59 (dsl-Chn-static-059.45.101.203.touchtelindia.net) at Sun Jul  3 10:05:25 2005,connection from <*> at Sun Jul  3 10:05:25 2005,connection from <*> at <*>
connection from 203.101.45.59 (dsl-Chn-static-059.45.101.203.touchtelindia.net) at Sun Jul  3 10:05:25 2005,connection from <*> at Sun Jul  3 10:05:25 2005,connection from <*> at <*>
connection from 203.101.45.59 (dsl-Chn-static-059.45.101.203.touchtelindia.net) at Sun Jul  3 10:05:25 2005,connection from <*> at Sun Jul  3 10:05:25 2005,connection from <*> at <*>
connection from 62.99.164.82 (62.99.164.82.sh.interxion.inode.at) at Sun Jul  3 23:16:09 2005,connection from <*> at Sun Jul  3 23:16:09 2005,connection from <*> at <*>
connection from 62.99.164.82 (62.99.164.82.sh.interxion.inode.at) at Sun Jul  3 23:16:09 2005,connection from <*> at Sun Jul  3 23:16:09 2005,connection from <*> at <*>
connection from 62.99.164.82 (62.99.164.82.sh.interxion.inode.at) at Sun Jul  3 23:16:09 2005,connection from <*> at Sun Jul  3 23:16:09 2005,connection from <*> at <*>
connection from 62.99.164.82 (62.99.164.82.sh.interxion.inode.at) at Sun Jul  3 23:16:09 2005,connection from <*> at Sun Jul  3 23:16:09 2005,connection from <*> at <*>
connection from 62.99.164.82 (62.99.164.82.sh.interxion.inode.at) at Sun Jul  3 23:16:09 2005,connection from <*> at Sun Jul  3 23:16:09 2005,connection from <*> at <*>
connection from 62.99.164.82 (62.99.164.82.sh.interxion.inode.at) at Sun Jul  3 23:16:09 2005,connection from <*> at Sun Jul  3 23:16:09 2005,connection from <*> at <*>
connection from 62.99.164.82 (62.99.164.82.sh.interxion.inode.at) at Sun Jul  3 23:16:09 2005,connection from <*> at Sun Jul  3 23:16:09 2005,connection from <*> at <*>
connection from 62.99.164.82 (62.99.164.82.sh.interxion.inode.at) at Sun Jul  3 23:16:09 2005,connection from <*> at Sun Jul  3 23:16:09 2005,connection from <*> at <*>
connection from 62.99.164.82 (62.99.164.82.sh.interxion.inode.at) at Sun Jul  3 23:16:09 2005,connection from <*> at Sun Jul  3 23:16:09 2005,connection from <*> at <*>
connection from 62.99.164.82 (62.99.164.82.sh.interxion.inode.at) at Sun Jul  3 23:16:09 2005,connection from <*> at Sun Jul  3 23:16:09 2005,connection from <*> at <*>
connection from 62.99.164.82 (62.99.164.82.sh.interxion.inode.at) at Sun Jul  3 23:16:09 2005,connection from <*> at Sun Jul  3 23:16:09 2005,connection from <*> at <*>
connection from 62.99.164.82 (62.99.164.82.sh.interxion.inode.at) at Sun Jul  3 23:16:09 2005,connection from <*> at Sun Jul  3 23:16:09 2005,connection from <*> at <*>
connection from 62.99.164.82 (62.99.164.82.sh.interxion.inode.at) at Sun Jul  3 23:16:09 2005,connection from <*> at Sun Jul  3 23:16:09 2005,connection from <*> at <*>
connection from 62.99.164.82 (62.99.164.82.sh.interxion.inode.at) at Sun Jul  3 23:16:09 2005,connection from <*> at Sun Jul  3 23:16:09 2005,connection from <*> at <*>
connection from 62.99.164.82 (62.99.164.82.sh.interxion.inode.at) at Sun Jul  3 23:16:09 2005,connection from <*> at Sun Jul  3 23:16:09 2005,connection from <*> at <*>
connection from 62.99.164.82 (62.99.164.82.sh.interxion.inode.at) at Sun Jul  3 23:16:09 2005,connection from <*> at Sun Jul  3 23:16:09 2005,connection from <*> at <*>
connection from 62.99.164.82 (62.99.164.82.sh.interxion.inode.at) at Sun Jul  3 23:16:09 2005,connection from <*> at Sun Jul  3 23:16:09 2005,connection from <*> at <*>
connection from 62.99.164.82 (62.99.164.82.sh.interxion.inode.at) at Sun Jul  3 23:16:09 2005,connection from <*> at Sun Jul  3 23:16:09 2005,connection from <*> at <*>
connection from 62.99.164.82 (62.99.164.82.sh.interxion.inode.at) at Sun Jul  3 23:16:09 2005,connection from <*> at Sun Jul  3 23:16:09 2005,connection from <*> at <*>
connection from 62.99.164.82 (62.99.164.82.sh.interxion.inode.at) at Sun Jul  3 23:16:09 2005,connection from <*> at Sun Jul  3 23:16:09 2005,connection from <*> at <*>
connection from 62.99.164.82 (62.99.164.82.sh.interxion.inode.at) at Sun Jul  3 23:16:09 2005,connection from <*> at Sun Jul  3 23:16:09 2005,connection from <*> at <*>
connection from 62.99.164.82 (62.99.164.82.sh.interxion.inode.at) at Sun Jul  3 23:16:09 2005,connection from <*> at Sun Jul  3 23:16:09 2005,connection from <*> at <*>
connection from 62.99.164.82 (62.99.164.82.sh.interxion.inode.at) at Sun Jul  3 23:16:09 2005,connection from <*> at Sun Jul  3 23:16:09 2005,connection from <*> at <*>
connection from 63.197.98.106 (adsl-63-197-98-106.dsl.mtry01.pacbell.net) at Mon Jul  4 12:52:44 2005,connection from <*> at Mon Jul  4 12:52:44 2005,connection from <*> at <*>
connection from 63.197.98.106 (adsl-63-197-98-106.dsl.mtry01.pacbell.net) at Mon Jul  4 12:52:44 2005,connection from <*> at Mon Jul  4 12:52:44 2005,connection from <*> at <*>
connection from 63.197.98.106 (adsl-63-197-98-106.dsl.mtry01.pacbell.net) at Mon Jul  4 12:52:44 2005,connection from <*> at Mon Jul  4 12:52:44 2005,connection from <*> at <*>
connection from 63.197.98.106 (adsl-63-197-98-106.dsl.mtry01.pacbell.net) at Mon Jul  4 12:52:44 2005,connection from <*> at Mon Jul  4 12:52:44 2005,connection from <*> at <*>
connection from 63.197.98.106 (adsl-63-197-98-106.dsl.mtry01.pacbell.net) at Mon Jul  4 12:52:44 2005,connection from <*> at Mon Jul  4 12:52:44 2005,connection from <*> at <*>
connection from 63.197.98.106 (adsl-63-197-98-106.dsl.mtry01.pacbell.net) at Mon Jul  4 12:52:44 2005,connection from <*> at Mon Jul  4 12:52:44 2005,connection from <*> at <*>
connection from 63.197.98.106 (adsl-63-197-98-106.dsl.mtry01.pacbell.net) at Mon Jul  4 12:52:44 2005,connection from <*> at Mon Jul  4 12:52:44 2005,connection from <*> at <*>
connection from 63.197.98.106 (adsl-63-197-98-106.dsl.mtry01.pacbell.net) at Mon Jul  4 12:52:44 2005,connection from <*> at Mon Jul  4 12:52:44 2005,connection from <*> at <*>
connection from 63.197.98.106 (adsl-63-197-98-106.dsl.mtry01.pacbell.net) at Mon Jul  4 12:52:44 2005,connection from <*> at Mon Jul  4 12:52:44 2005,connection from <*> at <*>
connection from 63.197.98.106 (adsl-63-197-98-106.dsl.mtry01.pacbell.net) at Mon Jul  4 12:52:44 2005,connection from <*> at Mon Jul  4 12:52:44 2005,connection from <*> at <*>
connection from 63.197.98.106 (adsl-63-197-98-106.dsl.mtry01.pacbell.net) at Mon Jul  4 12:52:44 2005,connection from <*> at Mon Jul  4 12:52:44 2005,connection from <*> at <*>
connection from 63.197.98.106 (adsl-63-197-98-106.dsl.mtry01.pacbell.net) at Mon Jul  4 12:52:44 2005,connection from <*> at Mon Jul  4 12:52:44 2005,connection from <*> at <*>
connection from 63.197.98.106 (adsl-63-197-98-106.dsl.mtry01.pacbell.net) at Mon Jul  4 12:52:44 2005,connection from <*> at Mon Jul  4 12:52:44 2005,connection from <*> at <*>
connection from 63.197.98.106 (adsl-63-197-98-106.dsl.mtry01.pacbell.net) at Mon Jul  4 12:52:44 2005,connection from <*> at Mon Jul  4 12:52:44 2005,connection from <*> at <*>
connection from 63.197.98.106 (adsl-63-197-98-106.dsl.mtry01.pacbell.net) at Mon Jul  4 12:52:44 2005,connection from <*> at Mon Jul  4 12:52:44 2005,connection from <*> at <*>
connection from 63.197.98.106 (adsl-63-197-98-106.dsl.mtry01.pacbell.net) at Mon Jul  4 12:52:44 2005,connection from <*> at Mon Jul  4 12:52:44 2005,connection from <*> at <*>
connection from 63.197.98.106 (adsl-63-197-98-106.dsl.mtry01.pacbell.net) at Mon Jul  4 12:52:44 2005,connection from <*> at Mon Jul  4 12:52:44 2005,connection from <*> at <*>
connection from 63.197.98.106 (adsl-63-197-98-106.dsl.mtry01.pacbell.net) at Mon Jul  4 12:52:44 2005,connection from <*> at Mon Jul  4 12:52:44 2005,connection from <*> at <*>
connection from 63.197.98.106 (adsl-63-197-98-106.dsl.mtry01.pacbell.net) at Mon Jul  4 12:52:44 2005,connection from <*> at Mon Jul  4 12:52:44 2005,connection from <*> at <*>
connection from 63.197.98.106 (adsl-63-197-98-106.dsl.mtry01.pacbell.net) at Mon Jul  4 12:52:44 2005,connection from <*> at Mon Jul  4 12:52:44 2005,connection from <*> at <*>
connection from 63.197.98.106 (adsl-63-197-98-106.dsl.mtry01.pacbell.net) at Mon Jul  4 12:52:44 2005,connection from <*> at Mon Jul  4 12:52:44 2005,connection from <*> at <*>
connection from 63.197.98.106 (adsl-63-197-98-106.dsl.mtry01.pacbell.net) at Mon Jul  4 12:52:44 2005,connection from <*> at Mon Jul  4 12:52:44 2005,connection from <*> at <*>
connection from 63.197.98.106 (adsl-63-197-98-106.dsl.mtry01.pacbell.net) at Mon Jul  4 12:52:44 2005,connection from <*> at Mon Jul  4 12:52:44 2005,connection from <*> at <*>
imps2: Auto-detected intellimouse PS/2,imps2: Auto-detected intellimouse PS/2,imps2: Auto-detected intellimouse PS/<*>
ROOT LOGIN ON tty2,ROOT LOGIN ON <*>,<*> LOGIN ON tty2
connection from 220.94.205.45 () at Sun Jul 10 13:17:22 2005,connection from <*> at Sun Jul 10 13:17:22 2005,connection from <*> at <*>
connection from 220.94.205.45 () at Sun Jul 10 13:17:22 2005,connection from <*> at Sun Jul 10 13:17:22 2005,connection from <*> at <*>
connection from 220.94.205.45 () at Sun Jul 10 13:17:22 2005,connection from <*> at Sun Jul 10 13:17:22 2005,connection from <*> at <*>
connection from 220.94.205.45 () at Sun Jul 10 13:17:22 2005,connection from <*> at Sun Jul 10 13:17:22 2005,connection from <*> at <*>
connection from 220.94.205.45 () at Sun Jul 10 13:17:22 2005,connection from <*> at Sun Jul 10 13:17:22 2005,connection from <*> at <*>
connection from 220.94.205.45 () at Sun Jul 10 13:17:22 2005,connection from <*> at Sun Jul 10 13:17:22 2005,connection from <*> at <*>
connection from 220.94.205.45 () at Sun Jul 10 13:17:22 2005,connection from <*> at Sun Jul 10 13:17:22 2005,connection from <*> at <*>
connection from 220.94.205.45 () at Sun Jul 10 13:17:22 2005,connection from <*> at Sun Jul 10 13:17:22 2005,connection from <*> at <*>
connection from 220.94.205.45 () at Sun Jul 10 13:17:22 2005,connection from <*> at Sun Jul 10 13:17:22 2005,connection from <*> at <*>
connection from 220.94.205.45 () at Sun Jul 10 13:17:22 2005,connection from <*> at Sun Jul 10 13:17:22 2005,connection from <*> at <*>
connection from 220.94.205.45 () at Sun Jul 10 13:17:22 2005,connection from <*> at Sun Jul 10 13:17:22 2005,connection from <*> at <*>
connection from 220.94.205.45 () at Sun Jul 10 13:17:22 2005,connection from <*> at Sun Jul 10 13:17:22 2005,connection from <*> at <*>
connection from 220.94.205.45 () at Sun Jul 10 13:17:22 2005,connection from <*> at Sun Jul 10 13:17:22 2005,connection from <*> at <*>
connection from 220.94.205.45 () at Sun Jul 10 13:17:22 2005,connection from <*> at Sun Jul 10 13:17:22 2005,connection from <*> at <*>
connection from 220.94.205.45 () at Sun Jul 10 13:17:22 2005,connection from <*> at Sun Jul 10 13:17:22 2005,connection from <*> at <*>
connection from 220.94.205.45 () at Sun Jul 10 13:17:22 2005,connection from <*> at Sun Jul 10 13:17:22 2005,connection from <*> at <*>
connection from 220.94.205.45 () at Sun Jul 10 13:17:22 2005,connection from <*> at Sun Jul 10 13:17:22 2005,connection from <*> at <*>
connection from 220.94.205.45 () at Sun Jul 10 13:17:22 2005,connection from <*> at Sun Jul 10 13:17:22 2005,connection from <*> at <*>
connection from 220.94.205.45 () at Sun Jul 10 13:17:22 2005,connection from <*> at Sun Jul 10 13:17:22 2005,connection from <*> at <*>
connection from 220.94.205.45 () at Sun Jul 10 13:17:22 2005,connection from <*> at Sun Jul 10 13:17:22 2005,connection from <*> at <*>
connection from 220.94.205.45 () at Sun Jul 10 13:17:22 2005,connection from <*> at Sun Jul 10 13:17:22 2005,connection from <*> at <*>
connection from 220.94.205.45 () at Sun Jul 10 13:17:22 2005,connection from <*> at Sun Jul 10 13:17:22 2005,connection from <*> at <*>
connection from 220.94.205.45 () at Sun Jul 10 13:17:22 2005,connection from <*> at Sun Jul 10 13:17:22 2005,connection from <*> at <*>
authentication failure; logname= uid=0 euid=0 tty=:0 ruser= rhost=,authentication failure; logname= uid=<*> euid=<*> tty=:<*> ruser=,authentication failure; logname= uid=<*> euid=<*> tty=:<*> ruser= rhost=
connection from 83.116.207.11 (aml-sfh-3310b.adsl.wanadoo.nl) at Sun Jul 17 04:06:32 2005,connection from <*> at Sun Jul 17 04:06:32 2005,connection from <*> at <*>
connection from 83.116.207.11 (aml-sfh-3310b.adsl.wanadoo.nl) at Sun Jul 17 04:06:32 2005,connection from <*> at Sun Jul 17 04:06:32 2005,connection from <*> at <*>
connection from 83.116.207.11 (aml-sfh-3310b.adsl.wanadoo.nl) at Sun Jul 17 06:13:37 2005,connection from <*> at Sun Jul 17 06:13:37 2005,connection from <*> at <*>
connection from 83.116.207.11 (aml-sfh-3310b.adsl.wanadoo.nl) at Sun Jul 17 06:13:37 2005,connection from <*> at Sun Jul 17 06:13:37 2005,connection from <*> at <*>
connection from 83.116.207.11 (aml-sfh-3310b.adsl.wanadoo.nl) at Sun Jul 17 06:13:37 2005,connection from <*> at Sun Jul 17 06:13:37 2005,connection from <*> at <*>
connection from 83.116.207.11 (aml-sfh-3310b.adsl.wanadoo.nl) at Sun Jul 17 06:13:37 2005,connection from <*> at Sun Jul 17 06:13:37 2005,connection from <*> at <*>
connection from 83.116.207.11 (aml-sfh-3310b.adsl.wanadoo.nl) at Sun Jul 17 06:13:37 2005,connection from <*> at Sun Jul 17 06:13:37 2005,connection from <*> at <*>
connection from 83.116.207.11 (aml-sfh-3310b.adsl.wanadoo.nl) at Sun Jul 17 06:13:37 2005,connection from <*> at Sun Jul 17 06:13:37 2005,connection from <*> at <*>
connection from 83.116.207.11 (aml-sfh-3310b.adsl.wanadoo.nl) at Sun Jul 17 06:13:37 2005,connection from <*> at Sun Jul 17 06:13:37 2005,connection from <*> at <*>
connection from 83.116.207.11 (aml-sfh-3310b.adsl.wanadoo.nl) at Sun Jul 17 06:13:37 2005,connection from <*> at Sun Jul 17 06:13:37 2005,connection from <*> at <*>
connection from 83.116.207.11 (aml-sfh-3310b.adsl.wanadoo.nl) at Sun Jul 17 06:13:37 2005,connection from <*> at Sun Jul 17 06:13:37 2005,connection from <*> at <*>
connection from 83.116.207.11 (aml-sfh-3310b.adsl.wanadoo.nl) at Sun Jul 17 06:13:37 2005,connection from <*> at Sun Jul 17 06:13:37 2005,connection from <*> at <*>
connection from 83.116.207.11 (aml-sfh-3310b.adsl.wanadoo.nl) at Sun Jul 17 06:13:37 2005,connection from <*> at Sun Jul 17 06:13:37 2005,connection from <*> at <*>
connection from 83.116.207.11 (aml-sfh-3310b.adsl.wanadoo.nl) at Sun Jul 17 06:13:37 2005,connection from <*> at Sun Jul 17 06:13:37 2005,connection from <*> at <*>
connection from 83.116.207.11 (aml-sfh-3310b.adsl.wanadoo.nl) at Sun Jul 17 06:13:37 2005,connection from <*> at Sun Jul 17 06:13:37 2005,connection from <*> at <*>
connection from 83.116.207.11 (aml-sfh-3310b.adsl.wanadoo.nl) at Sun Jul 17 06:13:37 2005,connection from <*> at Sun Jul 17 06:13:37 2005,connection from <*> at <*>
connection from 83.116.207.11 (aml-sfh-3310b.adsl.wanadoo.nl) at Sun Jul 17 06:13:38 2005,connection from <*> at Sun Jul 17 06:13:38 2005,connection from <*> at <*>
connection from 83.116.207.11 (aml-sfh-3310b.adsl.wanadoo.nl) at Sun Jul 17 06:13:38 2005,connection from <*> at Sun Jul 17 06:13:38 2005,connection from <*> at <*>
connection from 83.116.207.11 (aml-sfh-3310b.adsl.wanadoo.nl) at Sun Jul 17 06:13:38 2005,connection from <*> at Sun Jul 17 06:13:38 2005,connection from <*> at <*>
connection from 83.116.207.11 (aml-sfh-3310b.adsl.wanadoo.nl) at Sun Jul 17 06:13:38 2005,connection from <*> at Sun Jul 17 06:13:38 2005,connection from <*> at <*>
connection from 83.116.207.11 (aml-sfh-3310b.adsl.wanadoo.nl) at Sun Jul 17 06:13:38 2005,connection from <*> at Sun Jul 17 06:13:38 2005,connection from <*> at <*>
connection from 83.116.207.11 (aml-sfh-3310b.adsl.wanadoo.nl) at Sun Jul 17 06:14:36 2005,connection from <*> at Sun Jul 17 06:14:36 2005,connection from <*> at <*>
connection from 83.116.207.11 (aml-sfh-3310b.adsl.wanadoo.nl) at Sun Jul 17 06:14:36 2005,connection from <*> at Sun Jul 17 06:14:36 2005,connection from <*> at <*>
connection from 83.116.207.11 (aml-sfh-3310b.adsl.wanadoo.nl) at Sun Jul 17 06:14:36 2005,connection from <*> at Sun Jul 17 06:14:36 2005,connection from <*> at <*>
connection from 83.116.207.11 (aml-sfh-3310b.adsl.wanadoo.nl) at Sun Jul 17 06:14:36 2005,connection from <*> at Sun Jul 17 06:14:36 2005,connection from <*> at <*>
connection from 83.116.207.11 (aml-sfh-3310b.adsl.wanadoo.nl) at Sun Jul 17 06:14:36 2005,connection from <*> at Sun Jul 17 06:14:36 2005,connection from <*> at <*>
connection from 83.116.207.11 (aml-sfh-3310b.adsl.wanadoo.nl) at Sun Jul 17 06:14:36 2005,connection from <*> at Sun Jul 17 06:14:36 2005,connection from <*> at <*>
connection from 83.116.207.11 (aml-sfh-3310b.adsl.wanadoo.nl) at Sun Jul 17 06:14:36 2005,connection from <*> at Sun Jul 17 06:14:36 2005,connection from <*> at <*>
connection from 83.116.207.11 (aml-sfh-3310b.adsl.wanadoo.nl) at Sun Jul 17 06:14:36 2005,connection from <*> at Sun Jul 17 06:14:36 2005,connection from <*> at <*>
connection from 83.116.207.11 (aml-sfh-3310b.adsl.wanadoo.nl) at Sun Jul 17 06:14:36 2005,connection from <*> at Sun Jul 17 06:14:36 2005,connection from <*> at <*>
connection from 83.116.207.11 (aml-sfh-3310b.adsl.wanadoo.nl) at Sun Jul 17 06:14:36 2005,connection from <*> at Sun Jul 17 06:14:36 2005,connection from <*> at <*>
connection from 83.116.207.11 (aml-sfh-3310b.adsl.wanadoo.nl) at Sun Jul 17 06:14:36 2005,connection from <*> at Sun Jul 17 06:14:36 2005,connection from <*> at <*>
connection from 218.146.61.230 () at Sun Jul 17 08:06:12 2005,connection from <*> at Sun Jul 17 08:06:12 2005,connection from <*> at <*>
connection from 218.146.61.230 () at Sun Jul 17 08:06:12 2005,connection from <*> at Sun Jul 17 08:06:12 2005,connection from <*> at <*>
connection from 218.146.61.230 () at Sun Jul 17 08:06:12 2005,connection from <*> at Sun Jul 17 08:06:12 2005,connection from <*> at <*>
connection from 218.146.61.230 () at Sun Jul 17 08:06:12 2005,connection from <*> at Sun Jul 17 08:06:12 2005,connection from <*> at <*>
connection from 218.146.61.230 () at Sun Jul 17 08:06:12 2005,connection from <*> at Sun Jul 17 08:06:12 2005,connection from <*> at <*>
connection from 218.146.61.230 () at Sun Jul 17 08:06:12 2005,connection from <*> at Sun Jul 17 08:06:12 2005,connection from <*> at <*>
connection from 218.146.61.230 () at Sun Jul 17 08:06:12 2005,connection from <*> at Sun Jul 17 08:06:12 2005,connection from <*> at <*>
connection from 218.146.61.230 () at Sun Jul 17 08:06:12 2005,connection from <*> at Sun Jul 17 08:06:12 2005,connection from <*> at <*>
connection from 218.146.61.230 () at Sun Jul 17 08:06:12 2005,connection from <*> at Sun Jul 17 08:06:12 2005,connection from <*> at <*>
connection from 218.146.61.230 () at Sun Jul 17 08:06:12 2005,connection from <*> at Sun Jul 17 08:06:12 2005,connection from <*> at <*>
connection from 218.146.61.230 () at Sun Jul 17 08:06:12 2005,connection from <*> at Sun Jul 17 08:06:12 2005,connection from <*> at <*>
connection from 218.146.61.230 () at Sun Jul 17 08:06:12 2005,connection from <*> at Sun Jul 17 08:06:12 2005,connection from <*> at <*>
connection from 218.146.61.230 () at Sun Jul 17 08:06:12 2005,connection from <*> at Sun Jul 17 08:06:12 2005,connection from <*> at <*>
connection from 218.146.61.230 () at Sun Jul 17 08:06:12 2005,connection from <*> at Sun Jul 17 08:06:12 2005,connection from <*> at <*>
connection from 218.146.61.230 () at Sun Jul 17 08:06:12 2005,connection from <*> at Sun Jul 17 08:06:12 2005,connection from <*> at <*>
connection from 218.146.61.230 () at Sun Jul 17 08:06:12 2005,connection from <*> at Sun Jul 17 08:06:12 2005,connection from <*> at <*>
connection from 218.146.61.230 () at Sun Jul 17 08:06:12 2005,connection from <*> at Sun Jul 17 08:06:12 2005,connection from <*> at <*>
connection from 218.146.61.230 () at Sun Jul 17 08:06:12 2005,connection from <*> at Sun Jul 17 08:06:12 2005,connection from <*> at <*>
connection from 218.146.61.230 () at Sun Jul 17 08:06:12 2005,connection from <*> at Sun Jul 17 08:06:12 2005,connection from <*> at <*>
connection from 218.146.61.230 () at Sun Jul 17 08:06:12 2005,connection from <*> at Sun Jul 17 08:06:12 2005,connection from <*> at <*>
connection from 218.146.61.230 () at Sun Jul 17 08:06:12 2005,connection from <*> at Sun Jul 17 08:06:12 2005,connection from <*> at <*>
connection from 218.146.61.230 () at Sun Jul 17 08:06:12 2005,connection from <*> at Sun Jul 17 08:06:12 2005,connection from <*> at <*>
connection from 218.146.61.230 () at Sun Jul 17 08:06:14 2005,connection from <*> at Sun Jul 17 08:06:14 2005,connection from <*> at <*>
connection from 210.245.165.136 () at Sun Jul 17 09:44:07 2005,connection from <*> at Sun Jul 17 09:44:07 2005,connection from <*> at <*>
connection from 210.245.165.136 () at Sun Jul 17 09:44:07 2005,connection from <*> at Sun Jul 17 09:44:07 2005,connection from <*> at <*>
connection from 210.245.165.136 () at Sun Jul 17 09:44:07 2005,connection from <*> at Sun Jul 17 09:44:07 2005,connection from <*> at <*>
connection from 210.245.165.136 () at Sun Jul 17 09:44:07 2005,connection from <*> at Sun Jul 17 09:44:07 2005,connection from <*> at <*>
connection from 210.245.165.136 () at Sun Jul 17 09:44:07 2005,connection from <*> at Sun Jul 17 09:44:07 2005,connection from <*> at <*>
connection from 210.245.165.136 () at Sun Jul 17 09:44:07 2005,connection from <*> at Sun Jul 17 09:44:07 2005,connection from <*> at <*>
connection from 210.245.165.136 () at Sun Jul 17 09:44:07 2005,connection from <*> at Sun Jul 17 09:44:07 2005,connection from <*> at <*>
connection from 210.245.165.136 () at Sun Jul 17 09:44:07 2005,connection from <*> at Sun Jul 17 09:44:07 2005,connection from <*> at <*>
connection from 210.245.165.136 () at Sun Jul 17 09:44:07 2005,connection from <*> at Sun Jul 17 09:44:07 2005,connection from <*> at <*>
connection from 207.30.238.8 (host8.topspot.net) at Sun Jul 17 12:30:35 2005,connection from <*> at Sun Jul 17 12:30:35 2005,connection from <*> at <*>
connection from 207.30.238.8 (host8.topspot.net) at Sun Jul 17 12:30:37 2005,connection from <*> at Sun Jul 17 12:30:37 2005,connection from <*> at <*>
connection from 207.30.238.8 (host8.topspot.net) at Sun Jul 17 12:30:42 2005,connection from <*> at Sun Jul 17 12:30:42 2005,connection from <*> at <*>
connection from 207.30.238.8 (host8.topspot.net) at Sun Jul 17 12:30:43 2005,connection from <*> at Sun Jul 17 12:30:43 2005,connection from <*> at <*>
connection from 207.30.238.8 (host8.topspot.net) at Sun Jul 17 12:30:43 2005,connection from <*> at Sun Jul 17 12:30:43 2005,connection from <*> at <*>
connection from 207.30.238.8 (host8.topspot.net) at Sun Jul 17 12:30:46 2005,connection from <*> at Sun Jul 17 12:30:46 2005,connection from <*> at <*>
connection from 207.30.238.8 (host8.topspot.net) at Sun Jul 17 12:30:47 2005,connection from <*> at Sun Jul 17 12:30:47 2005,connection from <*> at <*>
connection from 207.30.238.8 (host8.topspot.net) at Sun Jul 17 12:30:48 2005,connection from <*> at Sun Jul 17 12:30:48 2005,connection from <*> at <*>
connection from 207.30.238.8 (host8.topspot.net) at Sun Jul 17 12:30:48 2005,connection from <*> at Sun Jul 17 12:30:48 2005,connection from <*> at <*>
connection from 207.30.238.8 (host8.topspot.net) at Sun Jul 17 12:30:51 2005,connection from <*> at Sun Jul 17 12:30:51 2005,connection from <*> at <*>
connection from 207.30.238.8 (host8.topspot.net) at Sun Jul 17 12:30:53 2005,connection from <*> at Sun Jul 17 12:30:53 2005,connection from <*> at <*>
connection from 207.30.238.8 (host8.topspot.net) at Sun Jul 17 12:30:53 2005,connection from <*> at Sun Jul 17 12:30:53 2005,connection from <*> at <*>
connection from 207.30.238.8 (host8.topspot.net) at Sun Jul 17 12:30:54 2005,connection from <*> at Sun Jul 17 12:30:54 2005,connection from <*> at <*>
connection from 207.30.238.8 (host8.topspot.net) at Sun Jul 17 12:30:57 2005,connection from <*> at Sun Jul 17 12:30:57 2005,connection from <*> at <*>
connection from 207.30.238.8 (host8.topspot.net) at Sun Jul 17 12:30:57 2005,connection from <*> at Sun Jul 17 12:30:57 2005,connection from <*> at <*>
connection from 207.30.238.8 (host8.topspot.net) at Sun Jul 17 12:30:58 2005,connection from <*> at Sun Jul 17 12:30:58 2005,connection from <*> at <*>
connection from 207.30.238.8 (host8.topspot.net) at Sun Jul 17 12:30:58 2005,connection from <*> at Sun Jul 17 12:30:58 2005,connection from <*> at <*>
connection from 207.30.238.8 (host8.topspot.net) at Sun Jul 17 12:30:58 2005,connection from <*> at Sun Jul 17 12:30:58 2005,connection from <*> at <*>
connection from 207.30.238.8 (host8.topspot.net) at Sun Jul 17 12:30:59 2005,connection from <*> at Sun Jul 17 12:30:59 2005,connection from <*> at <*>
connection from 207.30.238.8 (host8.topspot.net) at Sun Jul 17 12:30:59 2005,connection from <*> at Sun Jul 17 12:30:59 2005,connection from <*> at <*>
connection from 207.30.238.8 (host8.topspot.net) at Sun Jul 17 12:30:59 2005,connection from <*> at Sun Jul 17 12:30:59 2005,connection from <*> at <*>
connection from 207.30.238.8 (host8.topspot.net) at Sun Jul 17 12:31:00 2005,connection from <*> at Sun Jul 17 12:31:00 2005,connection from <*> at <*>
connection from 207.30.238.8 (host8.topspot.net) at Sun Jul 17 12:31:04 2005,connection from <*> at Sun Jul 17 12:31:04 2005,connection from <*> at <*>
connection from 207.30.238.8 (host8.topspot.net) at Sun Jul 17 14:02:39 2005,connection from <*> at Sun Jul 17 14:02:39 2005,connection from <*> at <*>
connection from 207.30.238.8 (host8.topspot.net) at Sun Jul 17 14:02:43 2005,connection from <*> at Sun Jul 17 14:02:43 2005,connection from <*> at <*>
connection from 207.30.238.8 (host8.topspot.net) at Sun Jul 17 14:02:43 2005,connection from <*> at Sun Jul 17 14:02:43 2005,connection from <*> at <*>
connection from 207.30.238.8 (host8.topspot.net) at Sun Jul 17 14:02:44 2005,connection from <*> at Sun Jul 17 14:02:44 2005,connection from <*> at <*>
connection from 207.30.238.8 (host8.topspot.net) at Sun Jul 17 14:02:47 2005,connection from <*> at Sun Jul 17 14:02:47 2005,connection from <*> at <*>
connection from 207.30.238.8 (host8.topspot.net) at Sun Jul 17 14:02:48 2005,connection from <*> at Sun Jul 17 14:02:48 2005,connection from <*> at <*>
connection from 207.30.238.8 (host8.topspot.net) at Sun Jul 17 14:02:49 2005,connection from <*> at Sun Jul 17 14:02:49 2005,connection from <*> at <*>
connection from 207.30.238.8 (host8.topspot.net) at Sun Jul 17 14:02:49 2005,connection from <*> at Sun Jul 17 14:02:49 2005,connection from <*> at <*>
connection from 207.30.238.8 (host8.topspot.net) at Sun Jul 17 14:02:49 2005,connection from <*> at Sun Jul 17 14:02:49 2005,connection from <*> at <*>
connection from 207.30.238.8 (host8.topspot.net) at Sun Jul 17 14:02:49 2005,connection from <*> at Sun Jul 17 14:02:49 2005,connection from <*> at <*>
connection from 207.30.238.8 (host8.topspot.net) at Sun Jul 17 14:02:54 2005,connection from <*> at Sun Jul 17 14:02:54 2005,connection from <*> at <*>
connection from 207.30.238.8 (host8.topspot.net) at Sun Jul 17 14:02:54 2005,connection from <*> at Sun Jul 17 14:02:54 2005,connection from <*> at <*>
connection from 207.30.238.8 (host8.topspot.net) at Sun Jul 17 14:02:54 2005,connection from <*> at Sun Jul 17 14:02:54 2005,connection from <*> at <*>
connection from 207.30.238.8 (host8.topspot.net) at Sun Jul 17 14:02:55 2005,connection from <*> at Sun Jul 17 14:02:55 2005,connection from <*> at <*>
connection from 207.30.238.8 (host8.topspot.net) at Sun Jul 17 14:02:57 2005,connection from <*> at Sun Jul 17 14:02:57 2005,connection from <*> at <*>
connection from 207.30.238.8 (host8.topspot.net) at Sun Jul 17 14:02:59 2005,connection from <*> at Sun Jul 17 14:02:59 2005,connection from <*> at <*>
connection from 207.30.238.8 (host8.topspot.net) at Sun Jul 17 14:02:59 2005,connection from <*> at Sun Jul 17 14:02:59 2005,connection from <*> at <*>
connection from 207.30.238.8 (host8.topspot.net) at Sun Jul 17 14:03:00 2005,connection from <*> at Sun Jul 17 14:03:00 2005,connection from <*> at <*>
connection from 207.30.238.8 (host8.topspot.net) at Sun Jul 17 14:03:00 2005,connection from <*> at Sun Jul 17 14:03:00 2005,connection from <*> at <*>
connection from 207.30.238.8 (host8.topspot.net) at Sun Jul 17 14:03:00 2005,connection from <*> at Sun Jul 17 14:03:00 2005,connection from <*> at <*>
connection from 207.30.238.8 (host8.topspot.net) at Sun Jul 17 14:03:04 2005,connection from <*> at Sun Jul 17 14:03:04 2005,connection from <*> at <*>
connection from 207.30.238.8 (host8.topspot.net) at Sun Jul 17 14:03:04 2005,connection from <*> at Sun Jul 17 14:03:04 2005,connection from <*> at <*>
connection from 207.30.238.8 (host8.topspot.net) at Sun Jul 17 14:03:05 2005,connection from <*> at Sun Jul 17 14:03:05 2005,connection from <*> at <*>
connection from 203.101.45.59 (dsl-Chn-static-059.45.101.203.touchtelindia.net) at Sun Jul 17 15:09:15 2005,connection from <*> at Sun Jul 17 15:09:15 2005,connection from <*> at <*>
connection from 203.101.45.59 (dsl-Chn-static-059.45.101.203.touchtelindia.net) at Sun Jul 17 15:09:15 2005,connection from <*> at Sun Jul 17 15:09:15 2005,connection from <*> at <*>
connection from 203.101.45.59 (dsl-Chn-static-059.45.101.203.touchtelindia.net) at Sun Jul 17 15:09:15 2005,connection from <*> at Sun Jul 17 15:09:15 2005,connection from <*> at <*>
connection from 203.101.45.59 (dsl-Chn-static-059.45.101.203.touchtelindia.net) at Sun Jul 17 15:09:15 2005,connection from <*> at Sun Jul 17 15:09:15 2005,connection from <*> at <*>
connection from 203.101.45.59 (dsl-Chn-static-059.45.101.203.touchtelindia.net) at Sun Jul 17 15:09:15 2005,connection from <*> at Sun Jul 17 15:09:15 2005,connection from <*> at <*>
connection from 203.101.45.59 (dsl-Chn-static-059.45.101.203.touchtelindia.net) at Sun Jul 17 15:09:15 2005,connection from <*> at Sun Jul 17 15:09:15 2005,connection from <*> at <*>
connection from 203.101.45.59 (dsl-Chn-static-059.45.101.203.touchtelindia.net) at Sun Jul 17 15:09:15 2005,connection from <*> at Sun Jul 17 15:09:15 2005,connection from <*> at <*>
connection from 203.101.45.59 (dsl-Chn-static-059.45.101.203.touchtelindia.net) at Sun Jul 17 15:09:15 2005,connection from <*> at Sun Jul 17 15:09:15 2005,connection from <*> at <*>
connection from 203.101.45.59 (dsl-Chn-static-059.45.101.203.touchtelindia.net) at Sun Jul 17 15:09:15 2005,connection from <*> at Sun Jul 17 15:09:15 2005,connection from <*> at <*>
connection from 203.101.45.59 (dsl-Chn-static-059.45.101.203.touchtelindia.net) at Sun Jul 17 15:09:15 2005,connection from <*> at Sun Jul 17 15:09:15 2005,connection from <*> at <*>
connection from 203.101.45.59 (dsl-Chn-static-059.45.101.203.touchtelindia.net) at Sun Jul 17 15:09:15 2005,connection from <*> at Sun Jul 17 15:09:15 2005,connection from <*> at <*>
connection from 203.101.45.59 (dsl-Chn-static-059.45.101.203.touchtelindia.net) at Sun Jul 17 15:09:15 2005,connection from <*> at Sun Jul 17 15:09:15 2005,connection from <*> at <*>
connection from 203.101.45.59 (dsl-Chn-static-059.45.101.203.touchtelindia.net) at Sun Jul 17 15:09:15 2005,connection from <*> at Sun Jul 17 15:09:15 2005,connection from <*> at <*>
connection from 203.101.45.59 (dsl-Chn-static-059.45.101.203.touchtelindia.net) at Sun Jul 17 15:09:15 2005,connection from <*> at Sun Jul 17 15:09:15 2005,connection from <*> at <*>
connection from 203.101.45.59 (dsl-Chn-static-059.45.101.203.touchtelindia.net) at Sun Jul 17 15:09:15 2005,connection from <*> at Sun Jul 17 15:09:15 2005,connection from <*> at <*>
connection from 203.101.45.59 (dsl-Chn-static-059.45.101.203.touchtelindia.net) at Sun Jul 17 15:09:15 2005,connection from <*> at Sun Jul 17 15:09:15 2005,connection from <*> at <*>
connection from 203.101.45.59 (dsl-Chn-static-059.45.101.203.touchtelindia.net) at Sun Jul 17 15:09:15 2005,connection from <*> at Sun Jul 17 15:09:15 2005,connection from <*> at <*>
connection from 203.101.45.59 (dsl-Chn-static-059.45.101.203.touchtelindia.net) at Sun Jul 17 15:09:15 2005,connection from <*> at Sun Jul 17 15:09:15 2005,connection from <*> at <*>
connection from 203.101.45.59 (dsl-Chn-static-059.45.101.203.touchtelindia.net) at Sun Jul 17 15:09:16 2005,connection from <*> at Sun Jul 17 15:09:16 2005,connection from <*> at <*>
connection from 203.101.45.59 (dsl-Chn-static-059.45.101.203.touchtelindia.net) at Sun Jul 17 15:09:16 2005,connection from <*> at Sun Jul 17 15:09:16 2005,connection from <*> at <*>
connection from 203.101.45.59 (dsl-Chn-static-059.45.101.203.touchtelindia.net) at Sun Jul 17 15:09:16 2005,connection from <*> at Sun Jul 17 15:09:16 2005,connection from <*> at <*>
connection from 203.101.45.59 (dsl-Chn-static-059.45.101.203.touchtelindia.net) at Sun Jul 17 15:09:16 2005,connection from <*> at Sun Jul 17 15:09:16 2005,connection from <*> at <*>
connection from 203.101.45.59 (dsl-Chn-static-059.45.101.203.touchtelindia.net) at Sun Jul 17 15:09:17 2005,connection from <*> at Sun Jul 17 15:09:17 2005,connection from <*> at <*>
connection from 82.68.222.194 (82-68-222-194.dsl.in-addr.zen.co.uk) at Sun Jul 17 21:23:20 2005,connection from <*> at Sun Jul 17 21:23:20 2005,connection from <*> at <*>
connection from 82.68.222.194 (82-68-222-194.dsl.in-addr.zen.co.uk) at Sun Jul 17 21:23:20 2005,connection from <*> at Sun Jul 17 21:23:20 2005,connection from <*> at <*>
connection from 82.68.222.194 (82-68-222-194.dsl.in-addr.zen.co.uk) at Sun Jul 17 21:23:20 2005,connection from <*> at Sun Jul 17 21:23:20 2005,connection from <*> at <*>
connection from 82.68.222.194 (82-68-222-194.dsl.in-addr.zen.co.uk) at Sun Jul 17 21:23:20 2005,connection from <*> at Sun Jul 17 21:23:20 2005,connection from <*> at <*>
connection from 82.68.222.194 (82-68-222-194.dsl.in-addr.zen.co.uk) at Sun Jul 17 21:23:20 2005,connection from <*> at Sun Jul 17 21:23:20 2005,connection from <*> at <*>
connection from 82.68.222.194 (82-68-222-194.dsl.in-addr.zen.co.uk) at Sun Jul 17 21:23:20 2005,connection from <*> at Sun Jul 17 21:23:20 2005,connection from <*> at <*>
connection from 82.68.222.194 (82-68-222-194.dsl.in-addr.zen.co.uk) at Sun Jul 17 21:23:20 2005,connection from <*> at Sun Jul 17 21:23:20 2005,connection from <*> at <*>
connection from 82.68.222.194 (82-68-222-194.dsl.in-addr.zen.co.uk) at Sun Jul 17 21:23:20 2005,connection from <*> at Sun Jul 17 21:23:20 2005,connection from <*> at <*>
connection from 82.68.222.194 (82-68-222-194.dsl.in-addr.zen.co.uk) at Sun Jul 17 21:23:20 2005,connection from <*> at Sun Jul 17 21:23:20 2005,connection from <*> at <*>
connection from 82.68.222.194 (82-68-222-194.dsl.in-addr.zen.co.uk) at Sun Jul 17 21:23:20 2005,connection from <*> at Sun Jul 17 21:23:20 2005,connection from <*> at <*>
connection from 82.68.222.194 (82-68-222-194.dsl.in-addr.zen.co.uk) at Sun Jul 17 21:23:20 2005,connection from <*> at Sun Jul 17 21:23:20 2005,connection from <*> at <*>
connection from 82.68.222.194 (82-68-222-194.dsl.in-addr.zen.co.uk) at Sun Jul 17 21:23:20 2005,connection from <*> at Sun Jul 17 21:23:20 2005,connection from <*> at <*>
connection from 82.68.222.194 (82-68-222-194.dsl.in-addr.zen.co.uk) at Sun Jul 17 21:23:20 2005,connection from <*> at Sun Jul 17 21:23:20 2005,connection from <*> at <*>
connection from 82.68.222.194 (82-68-222-194.dsl.in-addr.zen.co.uk) at Sun Jul 17 21:23:20 2005,connection from <*> at Sun Jul 17 21:23:20 2005,connection from <*> at <*>
connection from 82.68.222.194 (82-68-222-194.dsl.in-addr.zen.co.uk) at Sun Jul 17 21:23:20 2005,connection from <*> at Sun Jul 17 21:23:20 2005,connection from <*> at <*>
connection from 82.68.222.194 (82-68-222-194.dsl.in-addr.zen.co.uk) at Sun Jul 17 21:23:20 2005,connection from <*> at Sun Jul 17 21:23:20 2005,connection from <*> at <*>
connection from 82.68.222.194 (82-68-222-194.dsl.in-addr.zen.co.uk) at Sun Jul 17 21:23:23 2005,connection from <*> at Sun Jul 17 21:23:23 2005,connection from <*> at <*>
connection from 82.68.222.194 (82-68-222-194.dsl.in-addr.zen.co.uk) at Sun Jul 17 21:23:24 2005,connection from <*> at Sun Jul 17 21:23:24 2005,connection from <*> at <*>
connection from 82.68.222.194 (82-68-222-194.dsl.in-addr.zen.co.uk) at Sun Jul 17 21:23:24 2005,connection from <*> at Sun Jul 17 21:23:24 2005,connection from <*> at <*>
connection from 82.68.222.194 (82-68-222-194.dsl.in-addr.zen.co.uk) at Sun Jul 17 21:23:24 2005,connection from <*> at Sun Jul 17 21:23:24 2005,connection from <*> at <*>
connection from 82.68.222.194 (82-68-222-194.dsl.in-addr.zen.co.uk) at Sun Jul 17 21:23:24 2005,connection from <*> at Sun Jul 17 21:23:24 2005,connection from <*> at <*>
connection from 82.68.222.194 (82-68-222-194.dsl.in-addr.zen.co.uk) at Sun Jul 17 21:23:24 2005,connection from <*> at Sun Jul 17 21:23:24 2005,connection from <*> at <*>
connection from 82.68.222.194 (82-68-222-194.dsl.in-addr.zen.co.uk) at Sun Jul 17 21:23:24 2005,connection from <*> at Sun Jul 17 21:23:24 2005,connection from <*> at <*>
connection from 82.68.222.195 (82-68-222-195.dsl.in-addr.zen.co.uk) at Sun Jul 17 23:21:50 2005,connection from <*> at Sun Jul 17 23:21:50 2005,connection from <*> at <*>
connection from 82.68.222.195 (82-68-222-195.dsl.in-addr.zen.co.uk) at Sun Jul 17 23:21:54 2005,connection from <*> at Sun Jul 17 23:21:54 2005,connection from <*> at <*>
connection from 82.68.222.195 (82-68-222-195.dsl.in-addr.zen.co.uk) at Sun Jul 17 23:21:54 2005,connection from <*> at Sun Jul 17 23:21:54 2005,connection from <*> at <*>
connection from 82.68.222.195 (82-68-222-195.dsl.in-addr.zen.co.uk) at Sun Jul 17 23:21:54 2005,connection from <*> at Sun Jul 17 23:21:54 2005,connection from <*> at <*>
connection from 82.68.222.195 (82-68-222-195.dsl.in-addr.zen.co.uk) at Sun Jul 17 23:21:54 2005,connection from <*> at Sun Jul 17 23:21:54 2005,connection from <*> at <*>
connection from 82.68.222.195 (82-68-222-195.dsl.in-addr.zen.co.uk) at Sun Jul 17 23:21:54 2005,connection from <*> at Sun Jul 17 23:21:54 2005,connection from <*> at <*>
connection from 82.68.222.195 (82-68-222-195.dsl.in-addr.zen.co.uk) at Sun Jul 17 23:21:54 2005,connection from <*> at Sun Jul 17 23:21:54 2005,connection from <*> at <*>
connection from 82.68.222.195 (82-68-222-195.dsl.in-addr.zen.co.uk) at Sun Jul 17 23:21:54 2005,connection from <*> at Sun Jul 17 23:21:54 2005,connection from <*> at <*>
connection from 82.68.222.195 (82-68-222-195.dsl.in-addr.zen.co.uk) at Sun Jul 17 23:21:54 2005,connection from <*> at Sun Jul 17 23:21:54 2005,connection from <*> at <*>
connection from 82.68.222.195 (82-68-222-195.dsl.in-addr.zen.co.uk) at Sun Jul 17 23:21:54 2005,connection from <*> at Sun Jul 17 23:21:54 2005,connection from <*> at <*>
connection from 82.68.222.195 (82-68-222-195.dsl.in-addr.zen.co.uk) at Sun Jul 17 23:21:54 2005,connection from <*> at Sun Jul 17 23:21:54 2005,connection from <*> at <*>
connection from 82.68.222.195 (82-68-222-195.dsl.in-addr.zen.co.uk) at Sun Jul 17 23:21:54 2005,connection from <*> at Sun Jul 17 23:21:54 2005,connection from <*> at <*>
connection from 82.68.222.195 (82-68-222-195.dsl.in-addr.zen.co.uk) at Sun Jul 17 23:21:54 2005,connection from <*> at Sun Jul 17 23:21:54 2005,connection from <*> at <*>
connection from 82.68.222.195 (82-68-222-195.dsl.in-addr.zen.co.uk) at Sun Jul 17 23:21:54 2005,connection from <*> at Sun Jul 17 23:21:54 2005,connection from <*> at <*>
connection from 82.68.222.195 (82-68-222-195.dsl.in-addr.zen.co.uk) at Sun Jul 17 23:21:54 2005,connection from <*> at Sun Jul 17 23:21:54 2005,connection from <*> at <*>
connection from 82.68.222.195 (82-68-222-195.dsl.in-addr.zen.co.uk) at Sun Jul 17 23:21:54 2005,connection from <*> at Sun Jul 17 23:21:54 2005,connection from <*> at <*>
connection from 82.68.222.195 (82-68-222-195.dsl.in-addr.zen.co.uk) at Sun Jul 17 23:21:54 2005,connection from <*> at Sun Jul 17 23:21:54 2005,connection from <*> at <*>
connection from 82.68.222.195 (82-68-222-195.dsl.in-addr.zen.co.uk) at Sun Jul 17 23:21:54 2005,connection from <*> at Sun Jul 17 23:21:54 2005,connection from <*> at <*>
connection from 82.68.222.195 (82-68-222-195.dsl.in-addr.zen.co.uk) at Sun Jul 17 23:21:54 2005,connection from <*> at Sun Jul 17 23:21:54 2005,connection from <*> at <*>
connection from 82.68.222.195 (82-68-222-195.dsl.in-addr.zen.co.uk) at Sun Jul 17 23:21:54 2005,connection from <*> at Sun Jul 17 23:21:54 2005,connection from <*> at <*>
connection from 82.68.222.195 (82-68-222-195.dsl.in-addr.zen.co.uk) at Sun Jul 17 23:21:54 2005,connection from <*> at Sun Jul 17 23:21:54 2005,connection from <*> at <*>
connection from 82.68.222.195 (82-68-222-195.dsl.in-addr.zen.co.uk) at Sun Jul 17 23:21:54 2005,connection from <*> at Sun Jul 17 23:21:54 2005,connection from <*> at <*>
connection from 82.68.222.195 (82-68-222-195.dsl.in-addr.zen.co.uk) at Sun Jul 17 23:21:54 2005,connection from <*> at Sun Jul 17 23:21:54 2005,connection from <*> at <*>
connection from 211.72.151.162 () at Mon Jul 18 03:26:48 2005,connection from <*> at Mon Jul 18 03:26:48 2005,connection from <*> at <*>
connection from 211.72.151.162 () at Mon Jul 18 03:26:48 2005,connection from <*> at Mon Jul 18 03:26:48 2005,connection from <*> at <*>
connection from 211.72.151.162 () at Mon Jul 18 03:26:48 2005,connection from <*> at Mon Jul 18 03:26:48 2005,connection from <*> at <*>
connection from 211.72.151.162 () at Mon Jul 18 03:26:48 2005,connection from <*> at Mon Jul 18 03:26:48 2005,connection from <*> at <*>
connection from 211.72.151.162 () at Mon Jul 18 03:26:48 2005,connection from <*> at Mon Jul 18 03:26:48 2005,connection from <*> at <*>
connection from 211.72.151.162 () at Mon Jul 18 03:26:48 2005,connection from <*> at Mon Jul 18 03:26:48 2005,connection from <*> at <*>
connection from 211.72.151.162 () at Mon Jul 18 03:26:48 2005,connection from <*> at Mon Jul 18 03:26:48 2005,connection from <*> at <*>
connection from 211.72.151.162 () at Mon Jul 18 03:26:48 2005,connection from <*> at Mon Jul 18 03:26:48 2005,connection from <*> at <*>
connection from 211.72.151.162 () at Mon Jul 18 03:26:49 2005,connection from <*> at Mon Jul 18 03:26:49 2005,connection from <*> at <*>
connection from 211.72.151.162 () at Mon Jul 18 03:26:49 2005,connection from <*> at Mon Jul 18 03:26:49 2005,connection from <*> at <*>
connection from 211.72.151.162 () at Mon Jul 18 03:26:49 2005,connection from <*> at Mon Jul 18 03:26:49 2005,connection from <*> at <*>
connection from 211.72.151.162 () at Mon Jul 18 03:26:49 2005,connection from <*> at Mon Jul 18 03:26:49 2005,connection from <*> at <*>
connection from 211.72.151.162 () at Mon Jul 18 03:26:49 2005,connection from <*> at Mon Jul 18 03:26:49 2005,connection from <*> at <*>
connection from 211.72.151.162 () at Mon Jul 18 03:26:49 2005,connection from <*> at Mon Jul 18 03:26:49 2005,connection from <*> at <*>
connection from 211.72.151.162 () at Mon Jul 18 03:26:49 2005,connection from <*> at Mon Jul 18 03:26:49 2005,connection from <*> at <*>
connection from 211.72.151.162 () at Mon Jul 18 03:26:49 2005,connection from <*> at Mon Jul 18 03:26:49 2005,connection from <*> at <*>
connection from 211.72.151.162 () at Mon Jul 18 03:26:49 2005,connection from <*> at Mon Jul 18 03:26:49 2005,connection from <*> at <*>
connection from 211.72.151.162 () at Mon Jul 18 03:26:49 2005,connection from <*> at Mon Jul 18 03:26:49 2005,connection from <*> at <*>
connection from 211.72.151.162 () at Mon Jul 18 03:26:49 2005,connection from <*> at Mon Jul 18 03:26:49 2005,connection from <*> at <*>
connection from 211.72.151.162 () at Mon Jul 18 03:26:49 2005,connection from <*> at Mon Jul 18 03:26:49 2005,connection from <*> at <*>
connection from 211.72.151.162 () at Mon Jul 18 03:26:49 2005,connection from <*> at Mon Jul 18 03:26:49 2005,connection from <*> at <*>
connection from 217.187.83.50 () at Mon Jul 25 23:24:09 2005,connection from <*> at Mon Jul 25 23:24:09 2005,connection from <*> at <*>
connection from 217.187.83.50 () at Mon Jul 25 23:24:09 2005,connection from <*> at Mon Jul 25 23:24:09 2005,connection from <*> at <*>
connection from 217.187.83.50 () at Mon Jul 25 23:24:09 2005,connection from <*> at Mon Jul 25 23:24:09 2005,connection from <*> at <*>
connection from 217.187.83.50 () at Mon Jul 25 23:24:09 2005,connection from <*> at Mon Jul 25 23:24:09 2005,connection from <*> at <*>
connection from 217.187.83.50 () at Mon Jul 25 23:24:09 2005,connection from <*> at Mon Jul 25 23:24:09 2005,connection from <*> at <*>
connection from 217.187.83.50 () at Mon Jul 25 23:24:09 2005,connection from <*> at Mon Jul 25 23:24:09 2005,connection from <*> at <*>
connection from 217.187.83.50 () at Mon Jul 25 23:24:09 2005,connection from <*> at Mon Jul 25 23:24:09 2005,connection from <*> at <*>
connection from 217.187.83.50 () at Mon Jul 25 23:24:09 2005,connection from <*> at Mon Jul 25 23:24:09 2005,connection from <*> at <*>
connection from 217.187.83.50 () at Mon Jul 25 23:24:09 2005,connection from <*> at Mon Jul 25 23:24:09 2005,connection from <*> at <*>
connection from 217.187.83.50 () at Mon Jul 25 23:24:09 2005,connection from <*> at Mon Jul 25 23:24:09 2005,connection from <*> at <*>
connection from 217.187.83.50 () at Mon Jul 25 23:24:09 2005,connection from <*> at Mon Jul 25 23:24:09 2005,connection from <*> at <*>
connection from 217.187.83.50 () at Mon Jul 25 23:24:09 2005,connection from <*> at Mon Jul 25 23:24:09 2005,connection from <*> at <*>
connection from 217.187.83.50 () at Mon Jul 25 23:24:09 2005,connection from <*> at Mon Jul 25 23:24:09 2005,connection from <*> at <*>
connection from 217.187.83.50 () at Mon Jul 25 23:24:09 2005,connection from <*> at Mon Jul 25 23:24:09 2005,connection from <*> at <*>
connection from 217.187.83.50 () at Mon Jul 25 23:24:09 2005,connection from <*> at Mon Jul 25 23:24:09 2005,connection from <*> at <*>
connection from 217.187.83.50 () at Mon Jul 25 23:24:09 2005,connection from <*> at Mon Jul 25 23:24:09 2005,connection from <*> at <*>
connection from 217.187.83.50 () at Mon Jul 25 23:24:09 2005,connection from <*> at Mon Jul 25 23:24:09 2005,connection from <*> at <*>
connection from 217.187.83.50 () at Mon Jul 25 23:24:09 2005,connection from <*> at Mon Jul 25 23:24:09 2005,connection from <*> at <*>
connection from 217.187.83.50 () at Mon Jul 25 23:24:09 2005,connection from <*> at Mon Jul 25 23:24:09 2005,connection from <*> at <*>
Linux version 2.6.5-1.358 (bhcompile@bugs.build.redhat.com) (gcc version 3.3.3 20040412 (Red Hat Linux 3.3.3-7)) #1 Sat May 8 09:04:50 EDT 2004,Linux version <*> (<*>) (<*>) #<*>,Linux version <*> (bhcompile@bugs.build.redhat.com) (gcc version <*> (Red Hat Linux <*>)) <*>
0MB HIGHMEM available.,0MB HIGHMEM available.,<*> HIGHMEM available.
126MB LOWMEM available.,126MB LOWMEM available.,<*> LOWMEM available.
Kernel command line: ro root=LABEL=/ rhgb quiet,Kernel command line: ro root=LABEL=/ rhgb quiet,Kernel command line: ro <*>=LABEL=/ rhgb quiet
mapped 4G/4G trampoline to ffff3000.,mapped <*> trampoline to <*>.,mapped 4G/4G trampoline to <*>.
Console: colour VGA+ 80x25,Console: colour VGA+ 80x25,Console: colour VGA+ <*>
"Memory: 125312k/129720k available (1540k kernel code, 3860k reserved, 599k data, 144k init, 0k highmem)","Memory: <*>k/<*>k available (<*>k kernel code, <*>k reserved, <*>k data, <*>k init, <*>k highmem)","Memory: <*> available (<*> kernel code, <*> reserved, <*> data, <*> init, <*> highmem)"
Calibrating delay loop... 1445.88 BogoMIPS,Calibrating delay loop... <*>,Calibrating delay loop... <*> BogoMIPS
PCI: Using IRQ router PIIX/ICH [8086/2410] at 0000:00:1f.0,PCI: Using IRQ router PIIX/ICH [<*>] at <*>,PCI: Using IRQ router PIIX/ICH [<*>/<*>] at <*>
