onExtend:1514038530000 14 0 4,onExtend:<*> <*> <*>,onExtend:<*> <*> <*> <*>
 getTodayTotalDetailSteps = 1514038440000##6993##548365##8661##12266##27164404,getTodayTotalDetailSteps = <*>##<*>##<*>##<*>##<*>##<*>##<*>##<*>,getTodayTotalDetailSteps = <*>##<*>##<*>##<*>##<*>##<*>
setTodayTotalDetailSteps=1514038440000##7007##548365##8661##12361##27173954,setTodayTotalDetailSteps=<*>=<*>=<*>=<*>=<*>=<*>,setTodayTotalDetailSteps=<*>
onExtend:1514038530000 1 0 4,onExtend:<*> <*> <*>,onExtend:<*> <*> <*> <*>
 getTodayTotalDetailSteps = 1514038440000##7007##548365##8661##12361##27173954,getTodayTotalDetailSteps = <*>##<*>##<*>##<*>##<*>##<*>##<*>##<*>,getTodayTotalDetailSteps = <*>##<*>##<*>##<*>##<*>##<*>
onExtend:1514038531000 1 0 4,onExtend:<*> <*> <*>,onExtend:<*> <*> <*> <*>
 getTodayTotalDetailSteps = 1514038440000##7008##548365##8661##12456##27174269,getTodayTotalDetailSteps = <*>##<*>##<*>##<*>##<*>##<*>##<*>##<*>,getTodayTotalDetailSteps = <*>##<*>##<*>##<*>##<*>##<*>
 getTodayTotalDetailSteps = 1514038440000##7009##548365##8661##12551##27174951,getTodayTotalDetailSteps = <*>##<*>##<*>##<*>##<*>##<*>##<*>##<*>,getTodayTotalDetailSteps = <*>##<*>##<*>##<*>##<*>##<*>
onExtend:1514038532000 1 0 4,onExtend:<*> <*> <*>,onExtend:<*> <*> <*> <*>
 getTodayTotalDetailSteps = 1514038440000##7011##548365##8661##12646##27175461,getTodayTotalDetailSteps = <*>##<*>##<*>##<*>##<*>##<*>##<*>,getTodayTotalDetailSteps = <*>##<*>##<*>##<*>##<*>##<*>
onExtend:1514038533000 1 0 4,onExtend:<*> <*> <*>,onExtend:<*> <*> <*> <*>
 getTodayTotalDetailSteps = 1514038440000##7012##548365##8661##12741##27176464,getTodayTotalDetailSteps = <*>##<*>##<*>##<*>##<*>##<*>##<*>,getTodayTotalDetailSteps = <*>##<*>##<*>##<*>##<*>##<*>
onExtend:1514038533000 1 0 4,onExtend:<*> <*> <*>,onExtend:<*> <*> <*> <*>
 getTodayTotalDetailSteps = 1514038440000##7013##548365##8661##12836##27176966,getTodayTotalDetailSteps = <*>##<*>##<*>##<*>##<*>##<*>##<*>,getTodayTotalDetailSteps = <*>##<*>##<*>##<*>##<*>##<*>
onExtend:1514038534000 1 0 4,onExtend:<*> <*> <*>,onExtend:<*> <*> <*> <*>
 getTodayTotalDetailSteps = 1514038440000##7014##548365##8661##12931##27177463,getTodayTotalDetailSteps = <*>##<*>##<*>##<*>##<*>##<*>##<*>##<*>,getTodayTotalDetailSteps = <*>##<*>##<*>##<*>##<*>##<*>
onExtend:1514038535000 1 0 4,onExtend:<*> <*> <*>,onExtend:<*> <*> <*> <*>
onExtend:1514038535000 1 0 4,onExtend:<*> <*> <*>,onExtend:<*> <*> <*> <*>
 getTodayTotalDetailSteps = 1514038440000##7015##548365##8661##13026##27177962,getTodayTotalDetailSteps = <*>##<*>##<*>##<*>##<*>##<*>##<*>,getTodayTotalDetailSteps = <*>##<*>##<*>##<*>##<*>##<*>
 getTodayTotalDetailSteps = 1514038440000##7017##548365##8661##13121##27179330,getTodayTotalDetailSteps = <*>##<*>##<*>##<*>##<*>##<*>##<*>##<*>,getTodayTotalDetailSteps = <*>##<*>##<*>##<*>##<*>##<*>
onExtend:1514038536000 1 0 4,onExtend:<*> <*> <*>,onExtend:<*> <*> <*> <*>
 getTodayTotalDetailSteps = 1514038440000##7017##548365##8661##13216##27179417,getTodayTotalDetailSteps = <*>##<*>##<*>##<*>##<*>##<*>##<*>##<*>,getTodayTotalDetailSteps = <*>##<*>##<*>##<*>##<*>##<*>
onExtend:1514038536000 1 0 4,onExtend:<*> <*> <*>,onExtend:<*> <*> <*> <*>
 getTodayTotalDetailSteps = 1514038440000##7018##548365##8661##13311##27179732,getTodayTotalDetailSteps = <*>##<*>##<*>##<*>##<*>##<*>##<*>##<*>,getTodayTotalDetailSteps = <*>##<*>##<*>##<*>##<*>##<*>
onExtend:1514038537000 1 0 4,onExtend:<*> <*> <*>,onExtend:<*> <*> <*> <*>
 getTodayTotalDetailSteps = 1514038440000##7019##548365##8661##13406##27180468,getTodayTotalDetailSteps = <*>##<*>##<*>##<*>##<*>##<*>##<*>,getTodayTotalDetailSteps = <*>##<*>##<*>##<*>##<*>##<*>
onExtend:1514038538000 1 0 4,onExtend:<*> <*> <*>,onExtend:<*> <*> <*> <*>
 getTodayTotalDetailSteps = 1514038440000##7020##548365##8661##13501##27180976,getTodayTotalDetailSteps = <*>##<*>##<*>##<*>##<*>##<*>##<*>##<*>,getTodayTotalDetailSteps = <*>##<*>##<*>##<*>##<*>##<*>
onExtend:1514038538000 1 0 4,onExtend:<*> <*> <*>,onExtend:<*> <*> <*> <*>
 getTodayTotalDetailSteps = 1514038440000##7021##548365##8661##13596##27181971,getTodayTotalDetailSteps = <*>##<*>##<*>##<*>##<*>##<*>##<*>,getTodayTotalDetailSteps = <*>##<*>##<*>##<*>##<*>##<*>
onExtend:1514038539000 1 0 4,onExtend:<*> <*> <*>,onExtend:<*> <*> <*> <*>
 getTodayTotalDetailSteps = 1514038440000##7022##548365##8661##13691##27182468,getTodayTotalDetailSteps = <*>##<*>##<*>##<*>##<*>##<*>##<*>##<*>,getTodayTotalDetailSteps = <*>##<*>##<*>##<*>##<*>##<*>
onExtend:1514038539000 1 0 4,onExtend:<*> <*> <*>,onExtend:<*> <*> <*> <*>
 getTodayTotalDetailSteps = 1514038440000##7023##548365##8661##13786##27182973,getTodayTotalDetailSteps = <*>##<*>##<*>##<*>##<*>##<*>##<*>##<*>,getTodayTotalDetailSteps = <*>##<*>##<*>##<*>##<*>##<*>
onExtend:1514038540000 1 0 4,onExtend:<*> <*> <*>,onExtend:<*> <*> <*> <*>
 getTodayTotalDetailSteps = 1514038440000##7024##548365##8661##13881##27183469,getTodayTotalDetailSteps = <*>##<*>##<*>##<*>##<*>##<*>##<*>##<*>,getTodayTotalDetailSteps = <*>##<*>##<*>##<*>##<*>##<*>
onExtend:1514038541000 1 0 4,onExtend:<*> <*> <*>,onExtend:<*> <*> <*> <*>
 getTodayTotalDetailSteps = 1514038440000##7025##548365##8661##13976##27183974,getTodayTotalDetailSteps = <*>##<*>##<*>##<*>##<*>##<*>##<*>,getTodayTotalDetailSteps = <*>##<*>##<*>##<*>##<*>##<*>
onExtend:1514038541000 1 0 4,onExtend:<*> <*> <*>,onExtend:<*> <*> <*> <*>
 getTodayTotalDetailSteps = 1514038440000##7026##548365##8661##14071##27184972,getTodayTotalDetailSteps = <*>##<*>##<*>##<*>##<*>##<*>##<*>##<*>,getTodayTotalDetailSteps = <*>##<*>##<*>##<*>##<*>##<*>
onExtend:1514038542000 1 0 4,onExtend:<*> <*> <*>,onExtend:<*> <*> <*> <*>
 getTodayTotalDetailSteps = 1514038440000##7027##548365##8661##14166##27185467,getTodayTotalDetailSteps = <*>##<*>##<*>##<*>##<*>##<*>##<*>##<*>,getTodayTotalDetailSteps = <*>##<*>##<*>##<*>##<*>##<*>
onExtend:1514038542000 1 0 4,onExtend:<*> <*> <*>,onExtend:<*> <*> <*> <*>
 getTodayTotalDetailSteps = 1514038440000##7028##548365##8661##14261##27185977,getTodayTotalDetailSteps = <*>##<*>##<*>##<*>##<*>##<*>##<*>##<*>,getTodayTotalDetailSteps = <*>##<*>##<*>##<*>##<*>##<*>
onExtend:1514038543000 1 0 4,onExtend:<*> <*> <*>,onExtend:<*> <*> <*> <*>
 getTodayTotalDetailSteps = 1514038440000##7029##548365##8661##14356##27186469,getTodayTotalDetailSteps = <*>##<*>##<*>##<*>##<*>##<*>##<*>##<*>,getTodayTotalDetailSteps = <*>##<*>##<*>##<*>##<*>##<*>
onExtend:1514038544000 1 0 4,onExtend:<*> <*> <*>,onExtend:<*> <*> <*> <*>
 getTodayTotalDetailSteps = 1514038440000##7030##548365##8661##14451##27187468,getTodayTotalDetailSteps = <*>##<*>##<*>##<*>##<*>##<*>##<*>##<*>,getTodayTotalDetailSteps = <*>##<*>##<*>##<*>##<*>##<*>
onExtend:1514038544000 1 0 4,onExtend:<*> <*> <*>,onExtend:<*> <*> <*> <*>
 getTodayTotalDetailSteps = 1514038440000##7031##548365##8661##14546##27187968,getTodayTotalDetailSteps = <*>##<*>##<*>##<*>##<*>##<*>##<*>##<*>,getTodayTotalDetailSteps = <*>##<*>##<*>##<*>##<*>##<*>
onExtend:1514038545000 1 0 4,onExtend:<*> <*> <*>,onExtend:<*> <*> <*> <*>
 getTodayTotalDetailSteps = 1514038440000##7032##548365##8661##14641##27188471,getTodayTotalDetailSteps = <*>##<*>##<*>##<*>##<*>##<*>##<*>##<*>,getTodayTotalDetailSteps = <*>##<*>##<*>##<*>##<*>##<*>
onExtend:1514038546000 1 0 4,onExtend:<*> <*> <*>,onExtend:<*> <*> <*> <*>
 getTodayTotalDetailSteps = 1514038440000##7033##548365##8661##14736##27189469,getTodayTotalDetailSteps = <*>##<*>##<*>##<*>##<*>##<*>##<*>##<*>,getTodayTotalDetailSteps = <*>##<*>##<*>##<*>##<*>##<*>
onExtend:1514038546000 1 0 4,onExtend:<*> <*> <*>,onExtend:<*> <*> <*> <*>
 getTodayTotalDetailSteps = 1514038440000##7034##548365##8661##14831##27189969,getTodayTotalDetailSteps = <*>##<*>##<*>##<*>##<*>##<*>##<*>##<*>,getTodayTotalDetailSteps = <*>##<*>##<*>##<*>##<*>##<*>
onExtend:1514038547000 1 0 4,onExtend:<*> <*> <*>,onExtend:<*> <*> <*> <*>
 getTodayTotalDetailSteps = 1514038440000##7035##548365##8661##14926##27190469,getTodayTotalDetailSteps = <*>##<*>##<*>##<*>##<*>##<*>##<*>##<*>,getTodayTotalDetailSteps = <*>##<*>##<*>##<*>##<*>##<*>
onExtend:1514038548000 1 0 4,onExtend:<*> <*> <*>,onExtend:<*> <*> <*> <*>
 getTodayTotalDetailSteps = 1514038440000##7036##548365##8661##15021##27190970,getTodayTotalDetailSteps = <*>##<*>##<*>##<*>##<*>##<*>##<*>##<*>,getTodayTotalDetailSteps = <*>##<*>##<*>##<*>##<*>##<*>
onExtend:1514038548000 1 0 4,onExtend:<*> <*> <*>,onExtend:<*> <*> <*> <*>
 getTodayTotalDetailSteps = 1514038440000##7037##548365##8661##15116##27191969,getTodayTotalDetailSteps = <*>##<*>##<*>##<*>##<*>##<*>##<*>##<*>,getTodayTotalDetailSteps = <*>##<*>##<*>##<*>##<*>##<*>
setTodayTotalDetailSteps=1514038440000##7038##548365##8661##15211##27192478,setTodayTotalDetailSteps=<*>=<*>=<*>=<*>=<*>=<*>,setTodayTotalDetailSteps=<*>
onExtend:1514038549000 1 0 4,onExtend:<*> <*> <*>,onExtend:<*> <*> <*> <*>
 getTodayTotalDetailSteps = 1514038440000##7038##548365##8661##15211##27192478,getTodayTotalDetailSteps = <*>##<*>##<*>##<*>##<*>##<*>##<*>##<*>,getTodayTotalDetailSteps = <*>##<*>##<*>##<*>##<*>##<*>
onExtend:1514038550000 1 0 4,onExtend:<*> <*> <*>,onExtend:<*> <*> <*> <*>
 getTodayTotalDetailSteps = 1514038440000##7039##548365##8661##15306##27192971,getTodayTotalDetailSteps = <*>##<*>##<*>##<*>##<*>##<*>##<*>##<*>,getTodayTotalDetailSteps = <*>##<*>##<*>##<*>##<*>##<*>
onExtend:1514038550000 1 0 4,onExtend:<*> <*> <*>,onExtend:<*> <*> <*> <*>
 getTodayTotalDetailSteps = 1514038440000##7040##548365##8661##15401##27193971,getTodayTotalDetailSteps = <*>##<*>##<*>##<*>##<*>##<*>##<*>##<*>,getTodayTotalDetailSteps = <*>##<*>##<*>##<*>##<*>##<*>
onExtend:1514038551000 1 0 4,onExtend:<*> <*> <*>,onExtend:<*> <*> <*> <*>
 getTodayTotalDetailSteps = 1514038440000##7041##548365##8661##15496##27194480,getTodayTotalDetailSteps = <*>##<*>##<*>##<*>##<*>##<*>##<*>##<*>,getTodayTotalDetailSteps = <*>##<*>##<*>##<*>##<*>##<*>
 getTodayTotalDetailSteps = 1514038440000##7042##548365##8661##15591##27195470,getTodayTotalDetailSteps = <*>##<*>##<*>##<*>##<*>##<*>##<*>##<*>,getTodayTotalDetailSteps = <*>##<*>##<*>##<*>##<*>##<*>
onExtend:1514038553000 1 0 4,onExtend:<*> <*> <*>,onExtend:<*> <*> <*> <*>
 getTodayTotalDetailSteps = 1514038440000##7044##548365##8661##15686##27196480,getTodayTotalDetailSteps = <*>##<*>##<*>##<*>##<*>##<*>##<*>##<*>,getTodayTotalDetailSteps = <*>##<*>##<*>##<*>##<*>##<*>
 getTodayTotalDetailSteps = 1514038440000##7045##548365##8661##15781##27196970,getTodayTotalDetailSteps = <*>##<*>##<*>##<*>##<*>##<*>##<*>##<*>,getTodayTotalDetailSteps = <*>##<*>##<*>##<*>##<*>##<*>
onExtend:1514038555000 1 0 4,onExtend:<*> <*> <*>,onExtend:<*> <*> <*> <*>
 getTodayTotalDetailSteps = 1514038440000##7047##548365##8661##15876##27197972,getTodayTotalDetailSteps = <*>##<*>##<*>##<*>##<*>##<*>##<*>,getTodayTotalDetailSteps = <*>##<*>##<*>##<*>##<*>##<*>
 getTodayTotalDetailSteps = 1514038440000##7048##548365##8661##15971##27198970,getTodayTotalDetailSteps = <*>##<*>##<*>##<*>##<*>##<*>##<*>##<*>,getTodayTotalDetailSteps = <*>##<*>##<*>##<*>##<*>##<*>
 getTodayTotalDetailSteps = 1514038440000##7050##548365##8661##16066##27199969,getTodayTotalDetailSteps = <*>##<*>##<*>##<*>##<*>##<*>##<*>##<*>,getTodayTotalDetailSteps = <*>##<*>##<*>##<*>##<*>##<*>
onExtend:1514038558000 1 0 4,onExtend:<*> <*> <*>,onExtend:<*> <*> <*> <*>
 getTodayTotalDetailSteps = 1514038440000##7052##548365##8661##16161##27200470,getTodayTotalDetailSteps = <*>##<*>##<*>##<*>##<*>##<*>##<*>##<*>,getTodayTotalDetailSteps = <*>##<*>##<*>##<*>##<*>##<*>
onExtend:1514038560000 1 0 4,onExtend:<*> <*> <*>,onExtend:<*> <*> <*> <*>
 getTodayTotalDetailSteps = 1514038440000##7053##548365##8661##16256##27202475,getTodayTotalDetailSteps = <*>##<*>##<*>##<*>##<*>##<*>##<*>,getTodayTotalDetailSteps = <*>##<*>##<*>##<*>##<*>##<*>
 getTodayTotalDetailSteps = 1514038500000##7054##548458##8661##16256##27204469,getTodayTotalDetailSteps = <*>##<*>##<*>##<*>##<*>##<*>##<*>,getTodayTotalDetailSteps = <*>##<*>##<*>##<*>##<*>##<*>
setTodayTotalDetailSteps=1514038500000##7054##548551##8661##16256##27205469,setTodayTotalDetailSteps=<*>=<*>=<*>=<*>=<*>=<*>,setTodayTotalDetailSteps=<*>
 getTodayTotalDetailSteps = 1514038500000##7054##548551##8661##16256##27205469,getTodayTotalDetailSteps = <*>##<*>##<*>##<*>##<*>##<*>##<*>,getTodayTotalDetailSteps = <*>##<*>##<*>##<*>##<*>##<*>
setTodayTotalDetailSteps=1514038560000##7054##548552##8661##16256##27283470,setTodayTotalDetailSteps=<*>=<*>=<*>=<*>=<*>=<*>,setTodayTotalDetailSteps=<*>
 getTodayTotalDetailSteps = 1514038560000##7054##548552##8661##16256##27283470,getTodayTotalDetailSteps = <*>##<*>##<*>##<*>##<*>##<*>##<*>,getTodayTotalDetailSteps = <*>##<*>##<*>##<*>##<*>##<*>
 getTodayTotalDetailSteps = 1514038560000##7056##548553##8661##16256##27284971,getTodayTotalDetailSteps = <*>##<*>##<*>##<*>##<*>##<*>##<*>,getTodayTotalDetailSteps = <*>##<*>##<*>##<*>##<*>##<*>
 getTodayTotalDetailSteps = 1514038560000##7058##548554##8661##16256##27285475,getTodayTotalDetailSteps = <*>##<*>##<*>##<*>##<*>##<*>##<*>,getTodayTotalDetailSteps = <*>##<*>##<*>##<*>##<*>##<*>
 getTodayTotalDetailSteps = 1514038560000##7060##548555##8661##16256##27285968,getTodayTotalDetailSteps = <*>##<*>##<*>##<*>##<*>##<*>##<*>,getTodayTotalDetailSteps = <*>##<*>##<*>##<*>##<*>##<*>
 getTodayTotalDetailSteps = 1514038560000##7062##548556##8661##16256##27286470,getTodayTotalDetailSteps = <*>##<*>##<*>##<*>##<*>##<*>##<*>##<*>,getTodayTotalDetailSteps = <*>##<*>##<*>##<*>##<*>##<*>
 getTodayTotalDetailSteps = 1514038560000##7064##548557##8661##16256##27286970,getTodayTotalDetailSteps = <*>##<*>##<*>##<*>##<*>##<*>##<*>,getTodayTotalDetailSteps = <*>##<*>##<*>##<*>##<*>##<*>
 getTodayTotalDetailSteps = 1514038560000##7066##548558##8661##16256##27287469,getTodayTotalDetailSteps = <*>##<*>##<*>##<*>##<*>##<*>##<*>,getTodayTotalDetailSteps = <*>##<*>##<*>##<*>##<*>##<*>
 getTodayTotalDetailSteps = 1514038560000##7068##548559##8661##16256##27287972,getTodayTotalDetailSteps = <*>##<*>##<*>##<*>##<*>##<*>##<*>,getTodayTotalDetailSteps = <*>##<*>##<*>##<*>##<*>##<*>
onExtend:1514038645000 1 0 4,onExtend:<*> <*> <*>,onExtend:<*> <*> <*> <*>
 getTodayTotalDetailSteps = 1514038560000##7070##548560##8661##16256##27288471,getTodayTotalDetailSteps = <*>##<*>##<*>##<*>##<*>##<*>##<*>##<*>,getTodayTotalDetailSteps = <*>##<*>##<*>##<*>##<*>##<*>
onExtend:1514038645000 3 0 4,onExtend:<*> <*> <*>,onExtend:<*> <*> <*> <*>
 getTodayTotalDetailSteps = 1514038560000##7071##548561##8661##16256##27288973,getTodayTotalDetailSteps = <*>##<*>##<*>##<*>##<*>##<*>##<*>,getTodayTotalDetailSteps = <*>##<*>##<*>##<*>##<*>##<*>
 getTodayTotalDetailSteps = 1514038560000##7074##548562##8661##16256##27289470,getTodayTotalDetailSteps = <*>##<*>##<*>##<*>##<*>##<*>##<*>##<*>,getTodayTotalDetailSteps = <*>##<*>##<*>##<*>##<*>##<*>
onExtend:1514038665000 1 0 4,onExtend:<*> <*> <*>,onExtend:<*> <*> <*> <*>
 getTodayTotalDetailSteps = 1514038560000##7074##548563##8661##16256##27292475,getTodayTotalDetailSteps = <*>##<*>##<*>##<*>##<*>##<*>##<*>,getTodayTotalDetailSteps = <*>##<*>##<*>##<*>##<*>##<*>
 getTodayTotalDetailSteps = 1514038560000##7075##548564##8661##16256##27309470,getTodayTotalDetailSteps = <*>##<*>##<*>##<*>##<*>##<*>##<*>,getTodayTotalDetailSteps = <*>##<*>##<*>##<*>##<*>##<*>
 getTodayTotalDetailSteps = 1514038560000##7077##548565##8661##16256##27309969,getTodayTotalDetailSteps = <*>##<*>##<*>##<*>##<*>##<*>##<*>,getTodayTotalDetailSteps = <*>##<*>##<*>##<*>##<*>##<*>
 getTodayTotalDetailSteps = 1514038560000##7079##548566##8661##16256##27310473,getTodayTotalDetailSteps = <*>##<*>##<*>##<*>##<*>##<*>##<*>,getTodayTotalDetailSteps = <*>##<*>##<*>##<*>##<*>##<*>
 getTodayTotalDetailSteps = 1514038560000##7081##548567##8661##16256##27310970,getTodayTotalDetailSteps = <*>##<*>##<*>##<*>##<*>##<*>##<*>##<*>,getTodayTotalDetailSteps = <*>##<*>##<*>##<*>##<*>##<*>
onExtend:1514038668000 1 0 4,onExtend:<*> <*> <*>,onExtend:<*> <*> <*> <*>
 getTodayTotalDetailSteps = 1514038560000##7083##548568##8661##16256##27311472,getTodayTotalDetailSteps = <*>##<*>##<*>##<*>##<*>##<*>##<*>,getTodayTotalDetailSteps = <*>##<*>##<*>##<*>##<*>##<*>
 getTodayTotalDetailSteps = 1514038560000##7084##548569##8661##16256##27311970,getTodayTotalDetailSteps = <*>##<*>##<*>##<*>##<*>##<*>##<*>,getTodayTotalDetailSteps = <*>##<*>##<*>##<*>##<*>##<*>
 getTodayTotalDetailSteps = 1514038560000##7086##548570##8661##16256##27312467,getTodayTotalDetailSteps = <*>##<*>##<*>##<*>##<*>##<*>##<*>,getTodayTotalDetailSteps = <*>##<*>##<*>##<*>##<*>##<*>
 getTodayTotalDetailSteps = 1514038560000##7088##548571##8661##16256##27312967,getTodayTotalDetailSteps = <*>##<*>##<*>##<*>##<*>##<*>##<*>,getTodayTotalDetailSteps = <*>##<*>##<*>##<*>##<*>##<*>
 getTodayTotalDetailSteps = 1514038560000##7090##548572##8661##16256##27313468,getTodayTotalDetailSteps = <*>##<*>##<*>##<*>##<*>##<*>##<*>,getTodayTotalDetailSteps = <*>##<*>##<*>##<*>##<*>##<*>
setTodayTotalDetailSteps=1514038560000##7092##548573##8661##16256##27313974,setTodayTotalDetailSteps=<*>=<*>=<*>=<*>=<*>=<*>,setTodayTotalDetailSteps=<*>
 getTodayTotalDetailSteps = 1514038560000##7092##548573##8661##16256##27313974,getTodayTotalDetailSteps = <*>##<*>##<*>##<*>##<*>##<*>##<*>,getTodayTotalDetailSteps = <*>##<*>##<*>##<*>##<*>##<*>
onExtend:1514038671000 1 0 4,onExtend:<*> <*> <*>,onExtend:<*> <*> <*> <*>
 getTodayTotalDetailSteps = 1514038560000##7094##548574##8661##16256##27314468,getTodayTotalDetailSteps = <*>##<*>##<*>##<*>##<*>##<*>##<*>,getTodayTotalDetailSteps = <*>##<*>##<*>##<*>##<*>##<*>
 getTodayTotalDetailSteps = 1514038560000##7095##548575##8661##16256##27314968,getTodayTotalDetailSteps = <*>##<*>##<*>##<*>##<*>##<*>##<*>,getTodayTotalDetailSteps = <*>##<*>##<*>##<*>##<*>##<*>
 getTodayTotalDetailSteps = 1514038560000##7097##548576##8661##16256##27315469,getTodayTotalDetailSteps = <*>##<*>##<*>##<*>##<*>##<*>##<*>,getTodayTotalDetailSteps = <*>##<*>##<*>##<*>##<*>##<*>
 getTodayTotalDetailSteps = 1514038560000##7099##548577##8661##16256##27315983,getTodayTotalDetailSteps = <*>##<*>##<*>##<*>##<*>##<*>##<*>,getTodayTotalDetailSteps = <*>##<*>##<*>##<*>##<*>##<*>
onExtend:1514038673000 1 0 4,onExtend:<*> <*> <*>,onExtend:<*> <*> <*> <*>
 getTodayTotalDetailSteps = 1514038560000##7101##548578##8661##16256##27316470,getTodayTotalDetailSteps = <*>##<*>##<*>##<*>##<*>##<*>##<*>,getTodayTotalDetailSteps = <*>##<*>##<*>##<*>##<*>##<*>
onExtend:1514038674000 1 0 4,onExtend:<*> <*> <*>,onExtend:<*> <*> <*> <*>
 getTodayTotalDetailSteps = 1514038560000##7102##548579##8661##16256##27317468,getTodayTotalDetailSteps = <*>##<*>##<*>##<*>##<*>##<*>##<*>,getTodayTotalDetailSteps = <*>##<*>##<*>##<*>##<*>##<*>
setTodayTotalDetailSteps=1514038560000##7103##548580##8661##16256##27318472,setTodayTotalDetailSteps=<*>=<*>=<*>=<*>=<*>=<*>,setTodayTotalDetailSteps=<*>
onExtend:1514038675000 1 0 4,onExtend:<*> <*> <*>,onExtend:<*> <*> <*> <*>
 getTodayTotalDetailSteps = 1514038560000##7103##548580##8661##16256##27318472,getTodayTotalDetailSteps = <*>##<*>##<*>##<*>##<*>##<*>##<*>,getTodayTotalDetailSteps = <*>##<*>##<*>##<*>##<*>##<*>
onExtend:1514038676000 1 0 4,onExtend:<*> <*> <*>,onExtend:<*> <*> <*> <*>
 getTodayTotalDetailSteps = 1514038560000##7104##548581##8661##16256##27319473,getTodayTotalDetailSteps = <*>##<*>##<*>##<*>##<*>##<*>##<*>,getTodayTotalDetailSteps = <*>##<*>##<*>##<*>##<*>##<*>
onExtend:1514038677000 1 0 4,onExtend:<*> <*> <*>,onExtend:<*> <*> <*> <*>
 getTodayTotalDetailSteps = 1514038560000##7105##548582##8661##16256##27319968,getTodayTotalDetailSteps = <*>##<*>##<*>##<*>##<*>##<*>##<*>,getTodayTotalDetailSteps = <*>##<*>##<*>##<*>##<*>##<*>
onExtend:1514038678000 1 0 4,onExtend:<*> <*> <*>,onExtend:<*> <*> <*> <*>
 getTodayTotalDetailSteps = 1514038560000##7106##548583##8661##16256##27320969,getTodayTotalDetailSteps = <*>##<*>##<*>##<*>##<*>##<*>##<*>##<*>,getTodayTotalDetailSteps = <*>##<*>##<*>##<*>##<*>##<*>
 getTodayTotalDetailSteps = 1514038560000##7107##548584##8661##16256##27321969,getTodayTotalDetailSteps = <*>##<*>##<*>##<*>##<*>##<*>##<*>,getTodayTotalDetailSteps = <*>##<*>##<*>##<*>##<*>##<*>
 getTodayTotalDetailSteps = 1514038560000##7109##548585##8661##16256##27322469,getTodayTotalDetailSteps = <*>##<*>##<*>##<*>##<*>##<*>##<*>,getTodayTotalDetailSteps = <*>##<*>##<*>##<*>##<*>##<*>
onExtend:1514038682000 1 0 4,onExtend:<*> <*> <*>,onExtend:<*> <*> <*> <*>
 getTodayTotalDetailSteps = 1514038620000##7111##548640##8661##16256##27324478,getTodayTotalDetailSteps = <*>##<*>##<*>##<*>##<*>##<*>##<*>##<*>,getTodayTotalDetailSteps = <*>##<*>##<*>##<*>##<*>##<*>
setTodayTotalDetailSteps=1514038620000##7112##548695##8661##16256##27325968,setTodayTotalDetailSteps=<*>=<*>=<*>=<*>=<*>=<*>,setTodayTotalDetailSteps=<*>
onExtend:1514038683000 1 0 4,onExtend:<*> <*> <*>,onExtend:<*> <*> <*> <*>
 getTodayTotalDetailSteps = 1514038620000##7112##548695##8661##16256##27325968,getTodayTotalDetailSteps = <*>##<*>##<*>##<*>##<*>##<*>##<*>,getTodayTotalDetailSteps = <*>##<*>##<*>##<*>##<*>##<*>
onExtend:1514038686000 1 0 4,onExtend:<*> <*> <*>,onExtend:<*> <*> <*> <*>
 getTodayTotalDetailSteps = 1514038620000##7113##548750##8661##16256##27326969,getTodayTotalDetailSteps = <*>##<*>##<*>##<*>##<*>##<*>##<*>,getTodayTotalDetailSteps = <*>##<*>##<*>##<*>##<*>##<*>
setTodayTotalDetailSteps=1514038620000##7114##548805##8661##16256##27329972,setTodayTotalDetailSteps=<*>=<*>=<*>=<*>=<*>=<*>,setTodayTotalDetailSteps=<*>
 getTodayTotalDetailSteps = 1514038620000##7114##548805##8661##16256##27329972,getTodayTotalDetailSteps = <*>##<*>##<*>##<*>##<*>##<*>##<*>,getTodayTotalDetailSteps = <*>##<*>##<*>##<*>##<*>##<*>
onExtend:1514038748000 3 0 4,onExtend:<*> <*> <*>,onExtend:<*> <*> <*> <*>
 getTodayTotalDetailSteps = 1514038620000##7114##548860##8661##16256##27330470,getTodayTotalDetailSteps = <*>##<*>##<*>##<*>##<*>##<*>##<*>,getTodayTotalDetailSteps = <*>##<*>##<*>##<*>##<*>##<*>
 getTodayTotalDetailSteps = 1514038680000##7117##548865##8661##16256##27392475,getTodayTotalDetailSteps = <*>##<*>##<*>##<*>##<*>##<*>##<*>,getTodayTotalDetailSteps = <*>##<*>##<*>##<*>##<*>##<*>
setTodayTotalDetailSteps=1514038680000##7122##548870##8661##16256##27392978,setTodayTotalDetailSteps=<*>=<*>=<*>=<*>=<*>=<*>,setTodayTotalDetailSteps=<*>
 getTodayTotalDetailSteps = 1514038680000##7122##548870##8661##16256##27392978,getTodayTotalDetailSteps = <*>##<*>##<*>##<*>##<*>##<*>##<*>,getTodayTotalDetailSteps = <*>##<*>##<*>##<*>##<*>##<*>
setTodayTotalDetailSteps=1514038680000##7124##548875##8661##16256##27393470,setTodayTotalDetailSteps=<*>=<*>=<*>=<*>=<*>=<*>,setTodayTotalDetailSteps=<*>
 getTodayTotalDetailSteps = 1514038680000##7124##548875##8661##16256##27393470,getTodayTotalDetailSteps = <*>##<*>##<*>##<*>##<*>##<*>##<*>,getTodayTotalDetailSteps = <*>##<*>##<*>##<*>##<*>##<*>
 getTodayTotalDetailSteps = 1514038680000##7126##548880##8661##16256##27393971,getTodayTotalDetailSteps = <*>##<*>##<*>##<*>##<*>##<*>##<*>,getTodayTotalDetailSteps = <*>##<*>##<*>##<*>##<*>##<*>
 getTodayTotalDetailSteps = 1514038680000##7128##548885##8661##16256##27394469,getTodayTotalDetailSteps = <*>##<*>##<*>##<*>##<*>##<*>##<*>,getTodayTotalDetailSteps = <*>##<*>##<*>##<*>##<*>##<*>
setTodayTotalDetailSteps=1514038680000##7130##548890##8661##16256##27394969,setTodayTotalDetailSteps=<*>=<*>=<*>=<*>=<*>=<*>,setTodayTotalDetailSteps=<*>
 getTodayTotalDetailSteps = 1514038680000##7130##548890##8661##16256##27394969,getTodayTotalDetailSteps = <*>##<*>##<*>##<*>##<*>##<*>##<*>##<*>,getTodayTotalDetailSteps = <*>##<*>##<*>##<*>##<*>##<*>
setTodayTotalDetailSteps=1514038680000##7132##548895##8661##16256##27395468,setTodayTotalDetailSteps=<*>=<*>=<*>=<*>=<*>=<*>,setTodayTotalDetailSteps=<*>
 getTodayTotalDetailSteps = 1514038680000##7132##548895##8661##16256##27395468,getTodayTotalDetailSteps = <*>##<*>##<*>##<*>##<*>##<*>##<*>,getTodayTotalDetailSteps = <*>##<*>##<*>##<*>##<*>##<*>
 getTodayTotalDetailSteps = 1514038680000##7135##548900##8661##16256##27395969,getTodayTotalDetailSteps = <*>##<*>##<*>##<*>##<*>##<*>##<*>##<*>,getTodayTotalDetailSteps = <*>##<*>##<*>##<*>##<*>##<*>
setTodayTotalDetailSteps=1514038680000##7139##548905##8661##16256##27396473,setTodayTotalDetailSteps=<*>=<*>=<*>=<*>=<*>=<*>,setTodayTotalDetailSteps=<*>
onExtend:1514038753000 1 0 4,onExtend:<*> <*> <*>,onExtend:<*> <*> <*> <*>
 getTodayTotalDetailSteps = 1514038680000##7139##548905##8661##16256##27396473,getTodayTotalDetailSteps = <*>##<*>##<*>##<*>##<*>##<*>##<*>,getTodayTotalDetailSteps = <*>##<*>##<*>##<*>##<*>##<*>
onExtend:1514038755000 14 0 4,onExtend:<*> <*> <*>,onExtend:<*> <*> <*> <*>
 getTodayTotalDetailSteps = 1514038680000##7140##548910##8661##16256##27396969,getTodayTotalDetailSteps = <*>##<*>##<*>##<*>##<*>##<*>##<*>,getTodayTotalDetailSteps = <*>##<*>##<*>##<*>##<*>##<*>
 getTodayTotalDetailSteps = 1514038680000##7154##548915##8661##16256##27398975,getTodayTotalDetailSteps = <*>##<*>##<*>##<*>##<*>##<*>##<*>,getTodayTotalDetailSteps = <*>##<*>##<*>##<*>##<*>##<*>
onExtend:1514038756000 6 0 4,onExtend:<*> <*> <*>,onExtend:<*> <*> <*> <*>
 getTodayTotalDetailSteps = 1514038680000##7154##548920##8661##16256##27400475,getTodayTotalDetailSteps = <*>##<*>##<*>##<*>##<*>##<*>##<*>,getTodayTotalDetailSteps = <*>##<*>##<*>##<*>##<*>##<*>
 getTodayTotalDetailSteps = 1514038680000##7160##548925##8661##16256##27442097,getTodayTotalDetailSteps = <*>##<*>##<*>##<*>##<*>##<*>##<*>,getTodayTotalDetailSteps = <*>##<*>##<*>##<*>##<*>##<*>
Alarm uploadStaticsToDB totalSteps=7163Calories:153367Floor:240Distance:5112,Alarm uploadStaticsToDB totalSteps=<*>Calories:<*>floor:<*>distance:<*>,Alarm uploadStaticsToDB totalSteps=<*>:<*>:<*>:<*>
"getAppContext() isAppValid health or wear, packageName = com.huawei.health","getAppContext() isAppValid health or wear, packageName = com.huawei.health","getAppContext() isAppValid health or wear, packageName = <*>"
onExtend:1514038799000 3 0 4,onExtend:<*> <*> <*>,onExtend:<*> <*> <*> <*>
"getAppContext() isAppValid health or wear, packageName = com.huawei.health","getAppContext() isAppValid health or wear, packageName = com.huawei.health","getAppContext() isAppValid health or wear, packageName = <*>"
InsertCallBack() onSuccess  type = 0 data=true,InsertCallBack() onSuccess <*> data=<*>,InsertCallBack() onSuccess type = <*> data=<*>
 getTodayTotalDetailSteps = 1514038680000##7160##548930##8661##16256##27442416,getTodayTotalDetailSteps = <*>##<*>##<*>##<*>##<*>##<*>##<*>,getTodayTotalDetailSteps = <*>##<*>##<*>##<*>##<*>##<*>
 getTodayTotalDetailSteps = 1514038680000##7163##548935##8661##16256##27442827,getTodayTotalDetailSteps = <*>##<*>##<*>##<*>##<*>##<*>##<*>,getTodayTotalDetailSteps = <*>##<*>##<*>##<*>##<*>##<*>
 getTodayTotalDetailSteps = 1514038680000##7165##548940##8661##16256##27443484,getTodayTotalDetailSteps = <*>##<*>##<*>##<*>##<*>##<*>##<*>,getTodayTotalDetailSteps = <*>##<*>##<*>##<*>##<*>##<*>
onExtend:1514038800000 3 0 4,onExtend:<*> <*> <*>,onExtend:<*> <*> <*> <*>
 getTodayTotalDetailSteps = 1514038680000##7167##548945##8661##16256##27443986,getTodayTotalDetailSteps = <*>##<*>##<*>##<*>##<*>##<*>##<*>,getTodayTotalDetailSteps = <*>##<*>##<*>##<*>##<*>##<*>
setTodayTotalDetailSteps=1514038740000##7170##548996##8661##16256##27444484,setTodayTotalDetailSteps=<*>=<*>=<*>=<*>=<*>=<*>,setTodayTotalDetailSteps=<*>
 getTodayTotalDetailSteps = 1514038740000##7170##548996##8661##16256##27444484,getTodayTotalDetailSteps = <*>##<*>##<*>##<*>##<*>##<*>##<*>,getTodayTotalDetailSteps = <*>##<*>##<*>##<*>##<*>##<*>
onExtend:1514038801000 1 0 4,onExtend:<*> <*> <*>,onExtend:<*> <*> <*> <*>
 getTodayTotalDetailSteps = 1514038740000##7173##549047##8661##16256##27444985,getTodayTotalDetailSteps = <*>##<*>##<*>##<*>##<*>##<*>##<*>,getTodayTotalDetailSteps = <*>##<*>##<*>##<*>##<*>##<*>
 getTodayTotalDetailSteps = 1514038740000##7174##549098##8661##16256##27445485,getTodayTotalDetailSteps = <*>##<*>##<*>##<*>##<*>##<*>##<*>,getTodayTotalDetailSteps = <*>##<*>##<*>##<*>##<*>##<*>
setTodayTotalDetailSteps=1514038740000##7176##549149##8661##16256##27445983,setTodayTotalDetailSteps=<*>=<*>=<*>=<*>=<*>=<*>,setTodayTotalDetailSteps=<*>
 getTodayTotalDetailSteps = 1514038740000##7176##549149##8661##16256##27445983,getTodayTotalDetailSteps = <*>##<*>##<*>##<*>##<*>##<*>##<*>,getTodayTotalDetailSteps = <*>##<*>##<*>##<*>##<*>##<*>
 getTodayTotalDetailSteps = 1514038740000##7179##549200##8661##16256##27446483,getTodayTotalDetailSteps = <*>##<*>##<*>##<*>##<*>##<*>##<*>,getTodayTotalDetailSteps = <*>##<*>##<*>##<*>##<*>##<*>
 getTodayTotalDetailSteps = 1514038740000##7181##549251##8661##16256##27446989,getTodayTotalDetailSteps = <*>##<*>##<*>##<*>##<*>##<*>##<*>,getTodayTotalDetailSteps = <*>##<*>##<*>##<*>##<*>##<*>
 getTodayTotalDetailSteps = 1514038740000##7183##549302##8661##16256##27447483,getTodayTotalDetailSteps = <*>##<*>##<*>##<*>##<*>##<*>##<*>,getTodayTotalDetailSteps = <*>##<*>##<*>##<*>##<*>##<*>
onExtend:1514038805000 1 0 4,onExtend:<*> <*> <*>,onExtend:<*> <*> <*> <*>
 getTodayTotalDetailSteps = 1514038740000##7185##549353##8661##16256##27448486,getTodayTotalDetailSteps = <*>##<*>##<*>##<*>##<*>##<*>##<*>,getTodayTotalDetailSteps = <*>##<*>##<*>##<*>##<*>##<*>
onExtend:1514038806000 1 0 4,onExtend:<*> <*> <*>,onExtend:<*> <*> <*> <*>
 getTodayTotalDetailSteps = 1514038740000##7186##549404##8661##16256##27448983,getTodayTotalDetailSteps = <*>##<*>##<*>##<*>##<*>##<*>##<*>,getTodayTotalDetailSteps = <*>##<*>##<*>##<*>##<*>##<*>
setTodayTotalDetailSteps=1514038740000##7187##549455##8661##16256##27449982,setTodayTotalDetailSteps=<*>=<*>=<*>=<*>=<*>=<*>,setTodayTotalDetailSteps=<*>
onExtend:1514038808000 1 0 4,onExtend:<*> <*> <*>,onExtend:<*> <*> <*> <*>
 getTodayTotalDetailSteps = 1514038740000##7187##549455##8661##16256##27449982,getTodayTotalDetailSteps = <*>##<*>##<*>##<*>##<*>##<*>##<*>,getTodayTotalDetailSteps = <*>##<*>##<*>##<*>##<*>##<*>
onExtend:1514038808000 1 0 4,onExtend:<*> <*> <*>,onExtend:<*> <*> <*> <*>
 getTodayTotalDetailSteps = 1514038740000##7188##549506##8661##16256##27451985,getTodayTotalDetailSteps = <*>##<*>##<*>##<*>##<*>##<*>##<*>,getTodayTotalDetailSteps = <*>##<*>##<*>##<*>##<*>##<*>
 getTodayTotalDetailSteps = 1514038740000##7189##549557##8661##16256##27452491,getTodayTotalDetailSteps = <*>##<*>##<*>##<*>##<*>##<*>##<*>,getTodayTotalDetailSteps = <*>##<*>##<*>##<*>##<*>##<*>
 getTodayTotalDetailSteps = 1514038740000##7189##549608##8661##16256##27457484,getTodayTotalDetailSteps = <*>##<*>##<*>##<*>##<*>##<*>##<*>,getTodayTotalDetailSteps = <*>##<*>##<*>##<*>##<*>##<*>
 getTodayTotalDetailSteps = 1514038740000##7189##549659##8661##16256##27460494,getTodayTotalDetailSteps = <*>##<*>##<*>##<*>##<*>##<*>##<*>##<*>,getTodayTotalDetailSteps = <*>##<*>##<*>##<*>##<*>##<*>
 getTodayTotalDetailSteps = 1514038980000##7189##549659##8661##16256##27706526,getTodayTotalDetailSteps = <*>##<*>##<*>##<*>##<*>##<*>##<*>,getTodayTotalDetailSteps = <*>##<*>##<*>##<*>##<*>##<*>
 getTodayTotalDetailSteps = 1514038980000##7189##549659##8661##16256##27706835,getTodayTotalDetailSteps = <*>##<*>##<*>##<*>##<*>##<*>##<*>##<*>,getTodayTotalDetailSteps = <*>##<*>##<*>##<*>##<*>##<*>
 getTodayTotalDetailSteps = 1514038980000##7189##549659##8661##16256##27736503,getTodayTotalDetailSteps = <*>##<*>##<*>##<*>##<*>##<*>##<*>,getTodayTotalDetailSteps = <*>##<*>##<*>##<*>##<*>##<*>
 getTodayTotalDetailSteps = 1514038980000##7189##549659##8661##16256##27738504,getTodayTotalDetailSteps = <*>##<*>##<*>##<*>##<*>##<*>##<*>,getTodayTotalDetailSteps = <*>##<*>##<*>##<*>##<*>##<*>
 getTodayTotalDetailSteps = 1514038980000##7189##549659##8661##16256##27743510,getTodayTotalDetailSteps = <*>##<*>##<*>##<*>##<*>##<*>##<*>,getTodayTotalDetailSteps = <*>##<*>##<*>##<*>##<*>##<*>
 getTodayTotalDetailSteps = 1514039340000##7189##549659##8661##16256##28068346,getTodayTotalDetailSteps = <*>##<*>##<*>##<*>##<*>##<*>##<*>,getTodayTotalDetailSteps = <*>##<*>##<*>##<*>##<*>##<*>
 getTodayTotalDetailSteps = 1514039340000##7189##549659##8661##16256##28068666,getTodayTotalDetailSteps = <*>##<*>##<*>##<*>##<*>##<*>##<*>,getTodayTotalDetailSteps = <*>##<*>##<*>##<*>##<*>##<*>
setTodayTotalDetailSteps=1514039400000##7189##549659##8661##16256##28136544,setTodayTotalDetailSteps=<*>=<*>=<*>=<*>=<*>=<*>,setTodayTotalDetailSteps=<*>
 getTodayTotalDetailSteps = 1514039400000##7189##549659##8661##16256##28136544,getTodayTotalDetailSteps = <*>##<*>##<*>##<*>##<*>##<*>##<*>,getTodayTotalDetailSteps = <*>##<*>##<*>##<*>##<*>##<*>
setTodayTotalDetailSteps=1514039400000##7189##549659##8661##16256##28163940,setTodayTotalDetailSteps=<*>=<*>=<*>=<*>=<*>=<*>,setTodayTotalDetailSteps=<*>
 getTodayTotalDetailSteps = 1514039400000##7189##549659##8661##16256##28163940,getTodayTotalDetailSteps = <*>##<*>##<*>##<*>##<*>##<*>##<*>,getTodayTotalDetailSteps = <*>##<*>##<*>##<*>##<*>##<*>
startTimer start autoSync,start timer start autoSync,startTimer start autoSync
 getTodayTotalDetailSteps = 1514039400000##7189##549659##8661##16256##28164276,getTodayTotalDetailSteps = <*>##<*>##<*>##<*>##<*>##<*>##<*>,getTodayTotalDetailSteps = <*>##<*>##<*>##<*>##<*>##<*>
 getTodayTotalDetailSteps = 1514039520000##7189##549659##8661##16256##28234547,getTodayTotalDetailSteps = <*>##<*>##<*>##<*>##<*>##<*>##<*>,getTodayTotalDetailSteps = <*>##<*>##<*>##<*>##<*>##<*>
 getTodayTotalDetailSteps = 1514039520000##7189##549659##8661##16256##28270623,getTodayTotalDetailSteps = <*>##<*>##<*>##<*>##<*>##<*>##<*>,getTodayTotalDetailSteps = <*>##<*>##<*>##<*>##<*>##<*>
 getTodayTotalDetailSteps = 1514039520000##7189##549659##8661##16256##28270935,getTodayTotalDetailSteps = <*>##<*>##<*>##<*>##<*>##<*>##<*>##<*>,getTodayTotalDetailSteps = <*>##<*>##<*>##<*>##<*>##<*>
 getTodayTotalDetailSteps = 1514039760000##7189##549659##8661##16256##28479559,getTodayTotalDetailSteps = <*>##<*>##<*>##<*>##<*>##<*>##<*>,getTodayTotalDetailSteps = <*>##<*>##<*>##<*>##<*>##<*>
 getTodayTotalDetailSteps = 1514039880000##7189##549659##8661##16256##28609620,getTodayTotalDetailSteps = <*>##<*>##<*>##<*>##<*>##<*>##<*>,getTodayTotalDetailSteps = <*>##<*>##<*>##<*>##<*>##<*>
setTodayTotalDetailSteps=1514039880000##7189##549659##8661##16256##28609933,setTodayTotalDetailSteps=<*>=<*>=<*>=<*>=<*>=<*>,setTodayTotalDetailSteps=<*>
 getTodayTotalDetailSteps = 1514039880000##7189##549659##8661##16256##28609933,getTodayTotalDetailSteps = <*>##<*>##<*>##<*>##<*>##<*>##<*>,getTodayTotalDetailSteps = <*>##<*>##<*>##<*>##<*>##<*>
 getTodayTotalDetailSteps = 1514040240000##7189##549659##8661##16256##28993578,getTodayTotalDetailSteps = <*>##<*>##<*>##<*>##<*>##<*>##<*>,getTodayTotalDetailSteps = <*>##<*>##<*>##<*>##<*>##<*>
 getTodayTotalDetailSteps = 1514040240000##7189##549659##8661##16256##28999575,getTodayTotalDetailSteps = <*>##<*>##<*>##<*>##<*>##<*>##<*>,getTodayTotalDetailSteps = <*>##<*>##<*>##<*>##<*>##<*>
 getTodayTotalDetailSteps = 1514040600000##7189##549659##8661##16256##29307585,getTodayTotalDetailSteps = <*>##<*>##<*>##<*>##<*>##<*>##<*>,getTodayTotalDetailSteps = <*>##<*>##<*>##<*>##<*>##<*>
 getTodayTotalDetailSteps = 1514040600000##7189##549659##8661##16256##29341612,getTodayTotalDetailSteps = <*>##<*>##<*>##<*>##<*>##<*>##<*>,getTodayTotalDetailSteps = <*>##<*>##<*>##<*>##<*>##<*>
 getTodayTotalDetailSteps = 1514040600000##7189##549659##8661##16256##29341927,getTodayTotalDetailSteps = <*>##<*>##<*>##<*>##<*>##<*>##<*>##<*>,getTodayTotalDetailSteps = <*>##<*>##<*>##<*>##<*>##<*>
 getTodayTotalDetailSteps = 1514040600000##7189##549659##8661##16256##29344951,getTodayTotalDetailSteps = <*>##<*>##<*>##<*>##<*>##<*>##<*>,getTodayTotalDetailSteps = <*>##<*>##<*>##<*>##<*>##<*>
 getTodayTotalDetailSteps = 1514040600000##7189##549659##8661##16256##29353602,getTodayTotalDetailSteps = <*>##<*>##<*>##<*>##<*>##<*>##<*>,getTodayTotalDetailSteps = <*>##<*>##<*>##<*>##<*>##<*>
 getTodayTotalDetailSteps = 1514040660000##7189##549659##8661##16256##29409806,getTodayTotalDetailSteps = <*>##<*>##<*>##<*>##<*>##<*>##<*>,getTodayTotalDetailSteps = <*>##<*>##<*>##<*>##<*>##<*>
 getTodayTotalDetailSteps = 1514040660000##7189##549659##8661##16256##29410120,getTodayTotalDetailSteps = <*>##<*>##<*>##<*>##<*>##<*>##<*>,getTodayTotalDetailSteps = <*>##<*>##<*>##<*>##<*>##<*>
 getTodayTotalDetailSteps = 1514040660000##7189##549659##8661##16256##29410605,getTodayTotalDetailSteps = <*>##<*>##<*>##<*>##<*>##<*>##<*>##<*>,getTodayTotalDetailSteps = <*>##<*>##<*>##<*>##<*>##<*>
 getTodayTotalDetailSteps = 1514040660000##7189##549659##8661##16256##29416607,getTodayTotalDetailSteps = <*>##<*>##<*>##<*>##<*>##<*>##<*>##<*>,getTodayTotalDetailSteps = <*>##<*>##<*>##<*>##<*>##<*>
 getTodayTotalDetailSteps = 1514040720000##7189##549659##8661##16256##29425533,getTodayTotalDetailSteps = <*>##<*>##<*>##<*>##<*>##<*>##<*>,getTodayTotalDetailSteps = <*>##<*>##<*>##<*>##<*>##<*>
 getTodayTotalDetailSteps = 1514040720000##7189##549659##8661##16256##29425847,getTodayTotalDetailSteps = <*>##<*>##<*>##<*>##<*>##<*>##<*>,getTodayTotalDetailSteps = <*>##<*>##<*>##<*>##<*>##<*>
 getTodayTotalDetailSteps = 1514040720000##7189##549659##8661##16256##29431618,getTodayTotalDetailSteps = <*>##<*>##<*>##<*>##<*>##<*>##<*>,getTodayTotalDetailSteps = <*>##<*>##<*>##<*>##<*>##<*>
 getTodayTotalDetailSteps = 1514040720000##7189##549659##8661##16256##29437037,getTodayTotalDetailSteps = <*>##<*>##<*>##<*>##<*>##<*>##<*>,getTodayTotalDetailSteps = <*>##<*>##<*>##<*>##<*>##<*>
 getTodayTotalDetailSteps = 1514040720000##7189##549659##8661##16256##29437358,getTodayTotalDetailSteps = <*>##<*>##<*>##<*>##<*>##<*>##<*>,getTodayTotalDetailSteps = <*>##<*>##<*>##<*>##<*>##<*>
 getTodayTotalDetailSteps = 1514040780000##7189##549659##8661##16256##29539649,getTodayTotalDetailSteps = <*>##<*>##<*>##<*>##<*>##<*>##<*>,getTodayTotalDetailSteps = <*>##<*>##<*>##<*>##<*>##<*>
 getTodayTotalDetailSteps = 1514040840000##7189##549659##8661##16256##29600053,getTodayTotalDetailSteps = <*>##<*>##<*>##<*>##<*>##<*>##<*>,getTodayTotalDetailSteps = <*>##<*>##<*>##<*>##<*>##<*>
 getTodayTotalDetailSteps = 1514040840000##7189##549659##8661##16256##29600372,getTodayTotalDetailSteps = <*>##<*>##<*>##<*>##<*>##<*>##<*>,getTodayTotalDetailSteps = <*>##<*>##<*>##<*>##<*>##<*>
 getTodayTotalDetailSteps = 1514041560000##7189##549659##8661##16256##30270445,getTodayTotalDetailSteps = <*>##<*>##<*>##<*>##<*>##<*>##<*>,getTodayTotalDetailSteps = <*>##<*>##<*>##<*>##<*>##<*>
 getTodayTotalDetailSteps = 1514041560000##7189##549659##8661##16256##30270764,getTodayTotalDetailSteps = <*>##<*>##<*>##<*>##<*>##<*>##<*>,getTodayTotalDetailSteps = <*>##<*>##<*>##<*>##<*>##<*>
 getTodayTotalDetailSteps = 1514041560000##7189##549659##8661##16256##30271693,getTodayTotalDetailSteps = <*>##<*>##<*>##<*>##<*>##<*>##<*>,getTodayTotalDetailSteps = <*>##<*>##<*>##<*>##<*>##<*>
 getTodayTotalDetailSteps = 1514041560000##7189##549659##8661##16256##30314585,getTodayTotalDetailSteps = <*>##<*>##<*>##<*>##<*>##<*>##<*>,getTodayTotalDetailSteps = <*>##<*>##<*>##<*>##<*>##<*>
 getTodayTotalDetailSteps = 1514041560000##7189##549659##8661##16256##30315546,getTodayTotalDetailSteps = <*>##<*>##<*>##<*>##<*>##<*>##<*>,getTodayTotalDetailSteps = <*>##<*>##<*>##<*>##<*>##<*>
 getTodayTotalDetailSteps = 1514041620000##7189##549659##8661##16256##30333554,getTodayTotalDetailSteps = <*>##<*>##<*>##<*>##<*>##<*>##<*>,getTodayTotalDetailSteps = <*>##<*>##<*>##<*>##<*>##<*>
 getTodayTotalDetailSteps = 1514041620000##7189##549659##8661##16256##30343722,getTodayTotalDetailSteps = <*>##<*>##<*>##<*>##<*>##<*>##<*>,getTodayTotalDetailSteps = <*>##<*>##<*>##<*>##<*>##<*>
 getTodayTotalDetailSteps = 1514041980000##7189##549659##8661##16256##30708710,getTodayTotalDetailSteps = <*>##<*>##<*>##<*>##<*>##<*>##<*>##<*>,getTodayTotalDetailSteps = <*>##<*>##<*>##<*>##<*>##<*>
 getTodayTotalDetailSteps = 1514041980000##7189##549659##8661##16256##30709030,getTodayTotalDetailSteps = <*>##<*>##<*>##<*>##<*>##<*>##<*>##<*>,getTodayTotalDetailSteps = <*>##<*>##<*>##<*>##<*>##<*>
onExtend:1514042082000 2 0 0,onExtend:<*> <*> <*>,onExtend:<*> <*> <*> <*>
 getTodayTotalDetailSteps = 1514041980000##7189##549659##8661##16256##30709727,getTodayTotalDetailSteps = <*>##<*>##<*>##<*>##<*>##<*>##<*>##<*>,getTodayTotalDetailSteps = <*>##<*>##<*>##<*>##<*>##<*>
onExtend:1514042082000 1 0 4,onExtend:<*> <*> <*>,onExtend:<*> <*> <*> <*>
 getTodayTotalDetailSteps = 1514041980000##7191##549659##8661##16256##30727229,getTodayTotalDetailSteps = <*>##<*>##<*>##<*>##<*>##<*>##<*>,getTodayTotalDetailSteps = <*>##<*>##<*>##<*>##<*>##<*>
onExtend:1514042083000 1 0 4,onExtend:<*> <*> <*>,onExtend:<*> <*> <*> <*>
 getTodayTotalDetailSteps = 1514041980000##7192##549659##8661##16256##30727733,getTodayTotalDetailSteps = <*>##<*>##<*>##<*>##<*>##<*>##<*>##<*>,getTodayTotalDetailSteps = <*>##<*>##<*>##<*>##<*>##<*>
 getTodayTotalDetailSteps = 1514041980000##7193##549659##8661##16256##30728232,getTodayTotalDetailSteps = <*>##<*>##<*>##<*>##<*>##<*>##<*>##<*>,getTodayTotalDetailSteps = <*>##<*>##<*>##<*>##<*>##<*>
 getTodayTotalDetailSteps = 1514041980000##7196##549659##8661##16256##30728728,getTodayTotalDetailSteps = <*>##<*>##<*>##<*>##<*>##<*>##<*>##<*>,getTodayTotalDetailSteps = <*>##<*>##<*>##<*>##<*>##<*>
 getTodayTotalDetailSteps = 1514041980000##7198##549659##8661##16256##30729233,getTodayTotalDetailSteps = <*>##<*>##<*>##<*>##<*>##<*>##<*>##<*>,getTodayTotalDetailSteps = <*>##<*>##<*>##<*>##<*>##<*>
setTodayTotalDetailSteps=1514041980000##7200##549659##8661##16256##30729733,setTodayTotalDetailSteps=<*>=<*>=<*>=<*>=<*>=<*>,setTodayTotalDetailSteps=<*>
 getTodayTotalDetailSteps = 1514041980000##7200##549659##8661##16256##30729733,getTodayTotalDetailSteps = <*>##<*>##<*>##<*>##<*>##<*>##<*>##<*>,getTodayTotalDetailSteps = <*>##<*>##<*>##<*>##<*>##<*>
 getTodayTotalDetailSteps = 1514041980000##7202##549659##8661##16256##30730227,getTodayTotalDetailSteps = <*>##<*>##<*>##<*>##<*>##<*>##<*>,getTodayTotalDetailSteps = <*>##<*>##<*>##<*>##<*>##<*>
 getTodayTotalDetailSteps = 1514041980000##7205##549659##8661##16256##30730728,getTodayTotalDetailSteps = <*>##<*>##<*>##<*>##<*>##<*>##<*>##<*>,getTodayTotalDetailSteps = <*>##<*>##<*>##<*>##<*>##<*>
 getTodayTotalDetailSteps = 1514041980000##7208##549659##8661##16256##30731232,getTodayTotalDetailSteps = <*>##<*>##<*>##<*>##<*>##<*>##<*>,getTodayTotalDetailSteps = <*>##<*>##<*>##<*>##<*>##<*>
onExtend:1514042087000 1 0 4,onExtend:<*> <*> <*>,onExtend:<*> <*> <*> <*>
 getTodayTotalDetailSteps = 1514041980000##7211##549659##8661##16256##30731730,getTodayTotalDetailSteps = <*>##<*>##<*>##<*>##<*>##<*>##<*>##<*>,getTodayTotalDetailSteps = <*>##<*>##<*>##<*>##<*>##<*>
 getTodayTotalDetailSteps = 1514041980000##7212##549659##8661##16256##30732729,getTodayTotalDetailSteps = <*>##<*>##<*>##<*>##<*>##<*>##<*>##<*>,getTodayTotalDetailSteps = <*>##<*>##<*>##<*>##<*>##<*>
 getTodayTotalDetailSteps = 1514041980000##7214##549659##8661##16256##30733226,getTodayTotalDetailSteps = <*>##<*>##<*>##<*>##<*>##<*>##<*>,getTodayTotalDetailSteps = <*>##<*>##<*>##<*>##<*>##<*>
 getTodayTotalDetailSteps = 1514041980000##7214##549659##8661##16256##30736730,getTodayTotalDetailSteps = <*>##<*>##<*>##<*>##<*>##<*>##<*>,getTodayTotalDetailSteps = <*>##<*>##<*>##<*>##<*>##<*>
 getTodayTotalDetailSteps = 1514042100000##7214##549659##8661##16256##30827730,getTodayTotalDetailSteps = <*>##<*>##<*>##<*>##<*>##<*>##<*>##<*>,getTodayTotalDetailSteps = <*>##<*>##<*>##<*>##<*>##<*>
 getTodayTotalDetailSteps = 1514042160000##7214##549659##8661##16256##30905315,getTodayTotalDetailSteps = <*>##<*>##<*>##<*>##<*>##<*>##<*>,getTodayTotalDetailSteps = <*>##<*>##<*>##<*>##<*>##<*>
 getTodayTotalDetailSteps = 1514042160000##7214##549659##8661##16256##30905625,getTodayTotalDetailSteps = <*>##<*>##<*>##<*>##<*>##<*>##<*>,getTodayTotalDetailSteps = <*>##<*>##<*>##<*>##<*>##<*>
 getTodayTotalDetailSteps = 1514042160000##7214##549659##8661##16256##30906310,getTodayTotalDetailSteps = <*>##<*>##<*>##<*>##<*>##<*>##<*>##<*>,getTodayTotalDetailSteps = <*>##<*>##<*>##<*>##<*>##<*>
 getTodayTotalDetailSteps = 1514042160000##7214##549659##8661##16256##30906710,getTodayTotalDetailSteps = <*>##<*>##<*>##<*>##<*>##<*>##<*>##<*>,getTodayTotalDetailSteps = <*>##<*>##<*>##<*>##<*>##<*>
 getTodayTotalDetailSteps = 1514042280000##7214##549659##8661##16256##31004759,getTodayTotalDetailSteps = <*>##<*>##<*>##<*>##<*>##<*>##<*>,getTodayTotalDetailSteps = <*>##<*>##<*>##<*>##<*>##<*>
 getTodayTotalDetailSteps = 1514042280000##7214##549659##8661##16256##31005759,getTodayTotalDetailSteps = <*>##<*>##<*>##<*>##<*>##<*>##<*>,getTodayTotalDetailSteps = <*>##<*>##<*>##<*>##<*>##<*>
 getTodayTotalDetailSteps = 1514042520000##7214##549659##8661##16256##31239760,getTodayTotalDetailSteps = <*>##<*>##<*>##<*>##<*>##<*>##<*>,getTodayTotalDetailSteps = <*>##<*>##<*>##<*>##<*>##<*>
 getTodayTotalDetailSteps = 1514042520000##7214##549659##8661##16256##31243766,getTodayTotalDetailSteps = <*>##<*>##<*>##<*>##<*>##<*>##<*>,getTodayTotalDetailSteps = <*>##<*>##<*>##<*>##<*>##<*>
 getTodayTotalDetailSteps = 1514042880000##7214##549659##8661##16256##31588757,getTodayTotalDetailSteps = <*>##<*>##<*>##<*>##<*>##<*>##<*>##<*>,getTodayTotalDetailSteps = <*>##<*>##<*>##<*>##<*>##<*>
startTimer start autoSync,start timer start autoSync,startTimer start autoSync
 getTodayTotalDetailSteps = 1514042880000##7214##549659##8661##16256##31589757,getTodayTotalDetailSteps = <*>##<*>##<*>##<*>##<*>##<*>##<*>##<*>,getTodayTotalDetailSteps = <*>##<*>##<*>##<*>##<*>##<*>
 getTodayTotalDetailSteps = 1514043360000##7214##549659##8661##16256##32078759,getTodayTotalDetailSteps = <*>##<*>##<*>##<*>##<*>##<*>##<*>##<*>,getTodayTotalDetailSteps = <*>##<*>##<*>##<*>##<*>##<*>
 getTodayTotalDetailSteps = 1514043360000##7214##549659##8661##16256##32080760,getTodayTotalDetailSteps = <*>##<*>##<*>##<*>##<*>##<*>##<*>##<*>,getTodayTotalDetailSteps = <*>##<*>##<*>##<*>##<*>##<*>
 getTodayTotalDetailSteps = 1514043540000##7214##549659##8661##16256##32254765,getTodayTotalDetailSteps = <*>##<*>##<*>##<*>##<*>##<*>##<*>,getTodayTotalDetailSteps = <*>##<*>##<*>##<*>##<*>##<*>
 getTodayTotalDetailSteps = 1514043540000##7214##549659##8661##16256##32258759,getTodayTotalDetailSteps = <*>##<*>##<*>##<*>##<*>##<*>##<*>,getTodayTotalDetailSteps = <*>##<*>##<*>##<*>##<*>##<*>
 getTodayTotalDetailSteps = 1514043660000##7214##549659##8661##16256##32403526,getTodayTotalDetailSteps = <*>##<*>##<*>##<*>##<*>##<*>##<*>,getTodayTotalDetailSteps = <*>##<*>##<*>##<*>##<*>##<*>
 getTodayTotalDetailSteps = 1514043900000##7214##549659##8661##16256##32611763,getTodayTotalDetailSteps = <*>##<*>##<*>##<*>##<*>##<*>##<*>,getTodayTotalDetailSteps = <*>##<*>##<*>##<*>##<*>##<*>
 getTodayTotalDetailSteps = 1514043900000##7214##549659##8661##16256##32618758,getTodayTotalDetailSteps = <*>##<*>##<*>##<*>##<*>##<*>##<*>##<*>,getTodayTotalDetailSteps = <*>##<*>##<*>##<*>##<*>##<*>
 getTodayTotalDetailSteps = 1514044140000##7214##549659##8661##16256##32893026,getTodayTotalDetailSteps = <*>##<*>##<*>##<*>##<*>##<*>##<*>,getTodayTotalDetailSteps = <*>##<*>##<*>##<*>##<*>##<*>
 getTodayTotalDetailSteps = 1514044260000##7214##549659##8661##16256##33021763,getTodayTotalDetailSteps = <*>##<*>##<*>##<*>##<*>##<*>##<*>,getTodayTotalDetailSteps = <*>##<*>##<*>##<*>##<*>##<*>
 getTodayTotalDetailSteps = 1514044320000##7214##549659##8661##16256##33024761,getTodayTotalDetailSteps = <*>##<*>##<*>##<*>##<*>##<*>##<*>,getTodayTotalDetailSteps = <*>##<*>##<*>##<*>##<*>##<*>
 getTodayTotalDetailSteps = 1514044320000##7214##549659##8661##16256##33039758,getTodayTotalDetailSteps = <*>##<*>##<*>##<*>##<*>##<*>##<*>,getTodayTotalDetailSteps = <*>##<*>##<*>##<*>##<*>##<*>
 getTodayTotalDetailSteps = 1514044320000##7214##549659##8661##16256##33041763,getTodayTotalDetailSteps = <*>##<*>##<*>##<*>##<*>##<*>##<*>,getTodayTotalDetailSteps = <*>##<*>##<*>##<*>##<*>##<*>
 getTodayTotalDetailSteps = 1514044320000##7214##549659##8661##16256##33049759,getTodayTotalDetailSteps = <*>##<*>##<*>##<*>##<*>##<*>##<*>,getTodayTotalDetailSteps = <*>##<*>##<*>##<*>##<*>##<*>
 getTodayTotalDetailSteps = 1514044320000##7214##549659##8661##16256##33055760,getTodayTotalDetailSteps = <*>##<*>##<*>##<*>##<*>##<*>##<*>,getTodayTotalDetailSteps = <*>##<*>##<*>##<*>##<*>##<*>
 getTodayTotalDetailSteps = 1514044320000##7214##549659##8661##16256##33064766,getTodayTotalDetailSteps = <*>##<*>##<*>##<*>##<*>##<*>##<*>,getTodayTotalDetailSteps = <*>##<*>##<*>##<*>##<*>##<*>
 getTodayTotalDetailSteps = 1514044320000##7214##549659##8661##16256##33066759,getTodayTotalDetailSteps = <*>##<*>##<*>##<*>##<*>##<*>##<*>,getTodayTotalDetailSteps = <*>##<*>##<*>##<*>##<*>##<*>
 getTodayTotalDetailSteps = 1514044320000##7214##549659##8661##16256##33075759,getTodayTotalDetailSteps = <*>##<*>##<*>##<*>##<*>##<*>##<*>,getTodayTotalDetailSteps = <*>##<*>##<*>##<*>##<*>##<*>
 getTodayTotalDetailSteps = 1514044320000##7214##549659##8661##16256##33081765,getTodayTotalDetailSteps = <*>##<*>##<*>##<*>##<*>##<*>##<*>##<*>,getTodayTotalDetailSteps = <*>##<*>##<*>##<*>##<*>##<*>
 getTodayTotalDetailSteps = 1514044380000##7214##549659##8661##16256##33112771,getTodayTotalDetailSteps = <*>##<*>##<*>##<*>##<*>##<*>##<*>,getTodayTotalDetailSteps = <*>##<*>##<*>##<*>##<*>##<*>
 getTodayTotalDetailSteps = 1514044380000##7214##549659##8661##16256##33113758,getTodayTotalDetailSteps = <*>##<*>##<*>##<*>##<*>##<*>##<*>,getTodayTotalDetailSteps = <*>##<*>##<*>##<*>##<*>##<*>
 getTodayTotalDetailSteps = 1514044380000##7214##549659##8661##16256##33118758,getTodayTotalDetailSteps = <*>##<*>##<*>##<*>##<*>##<*>##<*>,getTodayTotalDetailSteps = <*>##<*>##<*>##<*>##<*>##<*>
 getTodayTotalDetailSteps = 1514044380000##7214##549659##8661##16256##33119761,getTodayTotalDetailSteps = <*>##<*>##<*>##<*>##<*>##<*>##<*>,getTodayTotalDetailSteps = <*>##<*>##<*>##<*>##<*>##<*>
 getTodayTotalDetailSteps = 1514044380000##7214##549659##8661##16256##33129767,getTodayTotalDetailSteps = <*>##<*>##<*>##<*>##<*>##<*>##<*>,getTodayTotalDetailSteps = <*>##<*>##<*>##<*>##<*>##<*>
 getTodayTotalDetailSteps = 1514044380000##7214##549659##8661##16256##33131773,getTodayTotalDetailSteps = <*>##<*>##<*>##<*>##<*>##<*>##<*>,getTodayTotalDetailSteps = <*>##<*>##<*>##<*>##<*>##<*>
 getTodayTotalDetailSteps = 1514044380000##7214##549659##8661##16256##33138759,getTodayTotalDetailSteps = <*>##<*>##<*>##<*>##<*>##<*>##<*>,getTodayTotalDetailSteps = <*>##<*>##<*>##<*>##<*>##<*>
 getTodayTotalDetailSteps = 1514044380000##7214##549659##8661##16256##33140770,getTodayTotalDetailSteps = <*>##<*>##<*>##<*>##<*>##<*>##<*>##<*>,getTodayTotalDetailSteps = <*>##<*>##<*>##<*>##<*>##<*>
 getTodayTotalDetailSteps = 1514044440000##7214##549659##8661##16256##33168762,getTodayTotalDetailSteps = <*>##<*>##<*>##<*>##<*>##<*>##<*>,getTodayTotalDetailSteps = <*>##<*>##<*>##<*>##<*>##<*>
 getTodayTotalDetailSteps = 1514044440000##7214##549659##8661##16256##33169760,getTodayTotalDetailSteps = <*>##<*>##<*>##<*>##<*>##<*>##<*>,getTodayTotalDetailSteps = <*>##<*>##<*>##<*>##<*>##<*>
 getTodayTotalDetailSteps = 1514044500000##7214##549659##8661##16256##33216767,getTodayTotalDetailSteps = <*>##<*>##<*>##<*>##<*>##<*>##<*>,getTodayTotalDetailSteps = <*>##<*>##<*>##<*>##<*>##<*>
 getTodayTotalDetailSteps = 1514044500000##7214##549659##8661##16256##33217764,getTodayTotalDetailSteps = <*>##<*>##<*>##<*>##<*>##<*>##<*>,getTodayTotalDetailSteps = <*>##<*>##<*>##<*>##<*>##<*>
 getTodayTotalDetailSteps = 1514044500000##7214##549659##8661##16256##33232763,getTodayTotalDetailSteps = <*>##<*>##<*>##<*>##<*>##<*>##<*>,getTodayTotalDetailSteps = <*>##<*>##<*>##<*>##<*>##<*>
 getTodayTotalDetailSteps = 1514044500000##7214##549659##8661##16256##33239758,getTodayTotalDetailSteps = <*>##<*>##<*>##<*>##<*>##<*>##<*>,getTodayTotalDetailSteps = <*>##<*>##<*>##<*>##<*>##<*>
 getTodayTotalDetailSteps = 1514044560000##7214##549659##8661##16256##33298759,getTodayTotalDetailSteps = <*>##<*>##<*>##<*>##<*>##<*>##<*>,getTodayTotalDetailSteps = <*>##<*>##<*>##<*>##<*>##<*>
 getTodayTotalDetailSteps = 1514044560000##7214##549659##8661##16256##33306763,getTodayTotalDetailSteps = <*>##<*>##<*>##<*>##<*>##<*>##<*>,getTodayTotalDetailSteps = <*>##<*>##<*>##<*>##<*>##<*>
tryToReloadTodayBasicSteps1514044800223|3786|0|0,tryToReloadTodayBasicSteps1514044800223|3786|0|0,<*>|<*>|<*>|<*>
 getTodayTotalDetailSteps = 1514044560000##7214##549659##8661##16256##33306763,getTodayTotalDetailSteps = <*>##<*>##<*>##<*>##<*>##<*>##<*>,getTodayTotalDetailSteps = <*>##<*>##<*>##<*>##<*>##<*>
setTodayTotalDetailSteps=1514044740000##0##549659##8661##16256##33444553,setTodayTotalDetailSteps=<*>=<*>=<*>=<*>=<*>=<*>,setTodayTotalDetailSteps=<*>
REPORT : 0 0 0 0,REPORT : <*> <*> <*>,REPORT : <*> <*> <*> <*>
next day:steps0mLastReport7214,next day:steps0mLastReport7214,next day:<*>
 getTodayTotalDetailSteps = 1514044740000##0##549659##8661##16256##33444553,getTodayTotalDetailSteps = <*>##<*>##<*>##<*>##<*>##<*>##<*>,getTodayTotalDetailSteps = <*>##<*>##<*>##<*>##<*>##<*>
setTodayTotalDetailSteps=1514044740000##0##549659##8661##16256##33444943,setTodayTotalDetailSteps=<*>=<*>=<*>=<*>=<*>=<*>,setTodayTotalDetailSteps=<*>
 getTodayTotalDetailSteps = 1514044740000##0##549659##8661##16256##33444943,getTodayTotalDetailSteps = <*>##<*>##<*>##<*>##<*>##<*>##<*>,getTodayTotalDetailSteps = <*>##<*>##<*>##<*>##<*>##<*>
setTodayTotalDetailSteps=1514044740000##0##549659##8661##16256##33449757,setTodayTotalDetailSteps=<*>=<*>=<*>=<*>=<*>=<*>,setTodayTotalDetailSteps=<*>
 getTodayTotalDetailSteps = 1514044740000##0##549659##8661##16256##33449757,getTodayTotalDetailSteps = <*>##<*>##<*>##<*>##<*>##<*>##<*>,getTodayTotalDetailSteps = <*>##<*>##<*>##<*>##<*>##<*>
setTodayTotalDetailSteps=1514044740000##0##549659##8661##16256##33450764,setTodayTotalDetailSteps=<*>=<*>=<*>=<*>=<*>=<*>,setTodayTotalDetailSteps=<*>
 getTodayTotalDetailSteps = 1514044740000##0##549659##8661##16256##33450764,getTodayTotalDetailSteps = <*>##<*>##<*>##<*>##<*>##<*>##<*>,getTodayTotalDetailSteps = <*>##<*>##<*>##<*>##<*>##<*>
setTodayTotalDetailSteps=1514045040000##0##549659##8661##16256##33767093,setTodayTotalDetailSteps=<*>=<*>=<*>=<*>=<*>=<*>,setTodayTotalDetailSteps=<*>
 getTodayTotalDetailSteps = 1514045040000##0##549659##8661##16256##33767093,getTodayTotalDetailSteps = <*>##<*>##<*>##<*>##<*>##<*>##<*>,getTodayTotalDetailSteps = <*>##<*>##<*>##<*>##<*>##<*>
setTodayTotalDetailSteps=1514045100000##0##549659##8661##16256##33821183,setTodayTotalDetailSteps=<*>=<*>=<*>=<*>=<*>=<*>,setTodayTotalDetailSteps=<*>
 getTodayTotalDetailSteps = 1514045100000##0##549659##8661##16256##33821183,getTodayTotalDetailSteps = <*>##<*>##<*>##<*>##<*>##<*>##<*>,getTodayTotalDetailSteps = <*>##<*>##<*>##<*>##<*>##<*>
setTodayTotalDetailSteps=1514045160000##0##549659##8661##16256##33866758,setTodayTotalDetailSteps=<*>=<*>=<*>=<*>=<*>=<*>,setTodayTotalDetailSteps=<*>
 getTodayTotalDetailSteps = 1514045160000##0##549659##8661##16256##33866758,getTodayTotalDetailSteps = <*>##<*>##<*>##<*>##<*>##<*>##<*>,getTodayTotalDetailSteps = <*>##<*>##<*>##<*>##<*>##<*>
setTodayTotalDetailSteps=1514045160000##0##549659##8661##16256##33868758,setTodayTotalDetailSteps=<*>=<*>=<*>=<*>=<*>=<*>,setTodayTotalDetailSteps=<*>
 getTodayTotalDetailSteps = 1514045160000##0##549659##8661##16256##33868758,getTodayTotalDetailSteps = <*>##<*>##<*>##<*>##<*>##<*>##<*>,getTodayTotalDetailSteps = <*>##<*>##<*>##<*>##<*>##<*>
setTodayTotalDetailSteps=1514045160000##0##549659##8661##16256##33884757,setTodayTotalDetailSteps=<*>=<*>=<*>=<*>=<*>=<*>,setTodayTotalDetailSteps=<*>
 getTodayTotalDetailSteps = 1514045160000##0##549659##8661##16256##33884757,getTodayTotalDetailSteps = <*>##<*>##<*>##<*>##<*>##<*>##<*>,getTodayTotalDetailSteps = <*>##<*>##<*>##<*>##<*>##<*>
setTodayTotalDetailSteps=1514045160000##0##549659##8661##16256##33885759,setTodayTotalDetailSteps=<*>=<*>=<*>=<*>=<*>=<*>,setTodayTotalDetailSteps=<*>
 getTodayTotalDetailSteps = 1514045160000##0##549659##8661##16256##33885759,getTodayTotalDetailSteps = <*>##<*>##<*>##<*>##<*>##<*>##<*>,getTodayTotalDetailSteps = <*>##<*>##<*>##<*>##<*>##<*>
setTodayTotalDetailSteps=1514045280000##0##549659##8661##16256##33988760,setTodayTotalDetailSteps=<*>=<*>=<*>=<*>=<*>=<*>,setTodayTotalDetailSteps=<*>
 getTodayTotalDetailSteps = 1514045280000##0##549659##8661##16256##33988760,getTodayTotalDetailSteps = <*>##<*>##<*>##<*>##<*>##<*>##<*>,getTodayTotalDetailSteps = <*>##<*>##<*>##<*>##<*>##<*>
setTodayTotalDetailSteps=1514045280000##0##549659##8661##16256##33990761,setTodayTotalDetailSteps=<*>=<*>=<*>=<*>=<*>=<*>,setTodayTotalDetailSteps=<*>
 getTodayTotalDetailSteps = 1514045280000##0##549659##8661##16256##33990761,getTodayTotalDetailSteps = <*>##<*>##<*>##<*>##<*>##<*>##<*>,getTodayTotalDetailSteps = <*>##<*>##<*>##<*>##<*>##<*>
setTodayTotalDetailSteps=1514045280000##0##549659##8661##16256##34018758,setTodayTotalDetailSteps=<*>=<*>=<*>=<*>=<*>=<*>,setTodayTotalDetailSteps=<*>
 getTodayTotalDetailSteps = 1514045280000##0##549659##8661##16256##34018758,getTodayTotalDetailSteps = <*>##<*>##<*>##<*>##<*>##<*>##<*>,getTodayTotalDetailSteps = <*>##<*>##<*>##<*>##<*>##<*>
setTodayTotalDetailSteps=1514045280000##0##549659##8661##16256##34019759,setTodayTotalDetailSteps=<*>=<*>=<*>=<*>=<*>=<*>,setTodayTotalDetailSteps=<*>
 getTodayTotalDetailSteps = 1514045280000##0##549659##8661##16256##34019759,getTodayTotalDetailSteps = <*>##<*>##<*>##<*>##<*>##<*>##<*>,getTodayTotalDetailSteps = <*>##<*>##<*>##<*>##<*>##<*>
setTodayTotalDetailSteps=1514045340000##0##549659##8661##16256##34053757,setTodayTotalDetailSteps=<*>=<*>=<*>=<*>=<*>=<*>,setTodayTotalDetailSteps=<*>
 getTodayTotalDetailSteps = 1514045340000##0##549659##8661##16256##34053757,getTodayTotalDetailSteps = <*>##<*>##<*>##<*>##<*>##<*>##<*>,getTodayTotalDetailSteps = <*>##<*>##<*>##<*>##<*>##<*>
setTodayTotalDetailSteps=1514045340000##0##549659##8661##16256##34054759,setTodayTotalDetailSteps=<*>=<*>=<*>=<*>=<*>=<*>,setTodayTotalDetailSteps=<*>
 getTodayTotalDetailSteps = 1514045340000##0##549659##8661##16256##34054759,getTodayTotalDetailSteps = <*>##<*>##<*>##<*>##<*>##<*>##<*>,getTodayTotalDetailSteps = <*>##<*>##<*>##<*>##<*>##<*>
setTodayTotalDetailSteps=1514045340000##0##549659##8661##16256##34086757,setTodayTotalDetailSteps=<*>=<*>=<*>=<*>=<*>=<*>,setTodayTotalDetailSteps=<*>
 getTodayTotalDetailSteps = 1514045340000##0##549659##8661##16256##34086757,getTodayTotalDetailSteps = <*>##<*>##<*>##<*>##<*>##<*>##<*>,getTodayTotalDetailSteps = <*>##<*>##<*>##<*>##<*>##<*>
 getTodayTotalDetailSteps = 1514045340000##0##549659##8661##16256##34087759,getTodayTotalDetailSteps = <*>##<*>##<*>##<*>##<*>##<*>##<*>,getTodayTotalDetailSteps = <*>##<*>##<*>##<*>##<*>##<*>
setTodayTotalDetailSteps=1514045400000##0##549659##8661##16256##34160765,setTodayTotalDetailSteps=<*>=<*>=<*>=<*>=<*>=<*>,setTodayTotalDetailSteps=<*>
 getTodayTotalDetailSteps = 1514045400000##0##549659##8661##16256##34160765,getTodayTotalDetailSteps = <*>##<*>##<*>##<*>##<*>##<*>##<*>,getTodayTotalDetailSteps = <*>##<*>##<*>##<*>##<*>##<*>
setTodayTotalDetailSteps=1514045400000##0##549659##8661##16256##34161762,setTodayTotalDetailSteps=<*>=<*>=<*>=<*>=<*>=<*>,setTodayTotalDetailSteps=<*>
 getTodayTotalDetailSteps = 1514045400000##0##549659##8661##16256##34161762,getTodayTotalDetailSteps = <*>##<*>##<*>##<*>##<*>##<*>##<*>,getTodayTotalDetailSteps = <*>##<*>##<*>##<*>##<*>##<*>
setTodayTotalDetailSteps=1514045640000##0##549659##8661##16256##34397604,setTodayTotalDetailSteps=<*>=<*>=<*>=<*>=<*>=<*>,setTodayTotalDetailSteps=<*>
 getTodayTotalDetailSteps = 1514045640000##0##549659##8661##16256##34397604,getTodayTotalDetailSteps = <*>##<*>##<*>##<*>##<*>##<*>##<*>,getTodayTotalDetailSteps = <*>##<*>##<*>##<*>##<*>##<*>
setTodayTotalDetailSteps=1514046240000##0##549659##8661##16256##34960758,setTodayTotalDetailSteps=<*>=<*>=<*>=<*>=<*>=<*>,setTodayTotalDetailSteps=<*>
 getTodayTotalDetailSteps = 1514046240000##0##549659##8661##16256##34960758,getTodayTotalDetailSteps = <*>##<*>##<*>##<*>##<*>##<*>##<*>,getTodayTotalDetailSteps = <*>##<*>##<*>##<*>##<*>##<*>
setTodayTotalDetailSteps=1514046240000##0##549659##8661##16256##34961757,setTodayTotalDetailSteps=<*>=<*>=<*>=<*>=<*>=<*>,setTodayTotalDetailSteps=<*>
 getTodayTotalDetailSteps = 1514046240000##0##549659##8661##16256##34961757,getTodayTotalDetailSteps = <*>##<*>##<*>##<*>##<*>##<*>##<*>,getTodayTotalDetailSteps = <*>##<*>##<*>##<*>##<*>##<*>
setTodayTotalDetailSteps=1514046420000##0##549659##8661##16256##35149773,setTodayTotalDetailSteps=<*>=<*>=<*>=<*>=<*>=<*>,setTodayTotalDetailSteps=<*>
startTimer start autoSync,start timer start autoSync,startTimer start autoSync
